{
  "__bookshelf__": {
    "feature": true,
    "documentation": "https://docs.mcbookshelf.dev/en/latest/modules/id.html#check-simple-unique-id",
    "authors": [
      "Aksiome"
    ],
    "created": {
      "date": "2023/08/28",
      "minecraft_version": "23w33a"
    },
    "updated": {
      "date": "2023/08/28",
      "minecraft_version": "23w33a"
    }
  },
  "condition": "minecraft:entity_scores",
  "entity": "this",
  "scores": {
    "bs.id": {
      "min": {
        "type": "minecraft:score",
        "target": {
          "type": "minecraft:fixed",
          "name": "$id.suid.min"
        },
        "score": "bs.in"
      },
      "max": {
        "type": "minecraft:score",
        "target": {
          "type": "minecraft:fixed",
          "name": "$id.suid.max"
        },
        "score": "bs.in"
      }
    }
  }
}
