{
  "pools": [
    {
      "rolls": 1,
      "entries": [
        {
          "type": "alternatives",
          "children": [
            {
              "type": "alternatives",
              "children": [
                {
                  "type": "alternatives",
                  "children": [
                    {
                      "type": "alternatives",
                      "children": [
                        {
                          "type": "alternatives",
                          "children": [
                            {
                              "type": "alternatives",
                              "children": [
                                {
                                  "type": "item",
                                  "name": "egg",
                                  "functions": [
                                    {
                                      "function": "set_custom_data",
                                      "tag": "{\"type\":\"minecraft:badlands\",\"temperature\":2.0d,\"has_precipitation\":0b}"
                                    }
                                  ],
                                  "conditions": [
                                    {
                                      "condition": "minecraft:location_check",
                                      "predicate": {
                                        "biomes": [
                                          "badlands"
                                        ]
                                      }
                                    }
                                  ]
                                },
                                {
                                  "type": "item",
                                  "name": "egg",
                                  "functions": [
                                    {
                                      "function": "set_custom_data",
                                      "tag": "{\"type\":\"minecraft:bamboo_jungle\",\"temperature\":0.95d,\"has_precipitation\":1b}"
                                    }
                                  ]
                                }
                              ],
                              "conditions": [
                                {
                                  "condition": "minecraft:location_check",
                                  "predicate": {
                                    "biomes": [
                                      "badlands",
                                      "bamboo_jungle"
                                    ]
                                  }
                                }
                              ]
                            },
                            {
                              "type": "alternatives",
                              "children": [
                                {
                                  "type": "item",
                                  "name": "egg",
                                  "functions": [
                                    {
                                      "function": "set_custom_data",
                                      "tag": "{\"type\":\"minecraft:basalt_deltas\",\"temperature\":2.0d,\"has_precipitation\":0b}"
                                    }
                                  ],
                                  "conditions": [
                                    {
                                      "condition": "minecraft:location_check",
                                      "predicate": {
                                        "biomes": [
                                          "basalt_deltas"
                                        ]
                                      }
                                    }
                                  ]
                                },
                                {
                                  "type": "item",
                                  "name": "egg",
                                  "functions": [
                                    {
                                      "function": "set_custom_data",
                                      "tag": "{\"type\":\"minecraft:beach\",\"temperature\":0.8d,\"has_precipitation\":1b}"
                                    }
                                  ]
                                }
                              ]
                            }
                          ],
                          "conditions": [
                            {
                              "condition": "minecraft:location_check",
                              "predicate": {
                                "biomes": [
                                  "badlands",
                                  "bamboo_jungle",
                                  "basalt_deltas",
                                  "beach"
                                ]
                              }
                            }
                          ]
                        },
                        {
                          "type": "alternatives",
                          "children": [
                            {
                              "type": "alternatives",
                              "children": [
                                {
                                  "type": "item",
                                  "name": "egg",
                                  "functions": [
                                    {
                                      "function": "set_custom_data",
                                      "tag": "{\"type\":\"minecraft:birch_forest\",\"temperature\":0.6d,\"has_precipitation\":1b}"
                                    }
                                  ],
                                  "conditions": [
                                    {
                                      "condition": "minecraft:location_check",
                                      "predicate": {
                                        "biomes": [
                                          "birch_forest"
                                        ]
                                      }
                                    }
                                  ]
                                },
                                {
                                  "type": "item",
                                  "name": "egg",
                                  "functions": [
                                    {
                                      "function": "set_custom_data",
                                      "tag": "{\"type\":\"minecraft:cherry_grove\",\"temperature\":0.5d,\"has_precipitation\":1b}"
                                    }
                                  ]
                                }
                              ],
                              "conditions": [
                                {
                                  "condition": "minecraft:location_check",
                                  "predicate": {
                                    "biomes": [
                                      "birch_forest",
                                      "cherry_grove"
                                    ]
                                  }
                                }
                              ]
                            },
                            {
                              "type": "alternatives",
                              "children": [
                                {
                                  "type": "item",
                                  "name": "egg",
                                  "functions": [
                                    {
                                      "function": "set_custom_data",
                                      "tag": "{\"type\":\"minecraft:cold_ocean\",\"temperature\":0.5d,\"has_precipitation\":1b}"
                                    }
                                  ],
                                  "conditions": [
                                    {
                                      "condition": "minecraft:location_check",
                                      "predicate": {
                                        "biomes": [
                                          "cold_ocean"
                                        ]
                                      }
                                    }
                                  ]
                                },
                                {
                                  "type": "item",
                                  "name": "egg",
                                  "functions": [
                                    {
                                      "function": "set_custom_data",
                                      "tag": "{\"type\":\"minecraft:crimson_forest\",\"temperature\":2.0d,\"has_precipitation\":0b}"
                                    }
                                  ]
                                }
                              ]
                            }
                          ]
                        }
                      ],
                      "conditions": [
                        {
                          "condition": "minecraft:location_check",
                          "predicate": {
                            "biomes": [
                              "badlands",
                              "bamboo_jungle",
                              "basalt_deltas",
                              "beach",
                              "birch_forest",
                              "cherry_grove",
                              "cold_ocean",
                              "crimson_forest"
                            ]
                          }
                        }
                      ]
                    },
                    {
                      "type": "alternatives",
                      "children": [
                        {
                          "type": "alternatives",
                          "children": [
                            {
                              "type": "alternatives",
                              "children": [
                                {
                                  "type": "item",
                                  "name": "egg",
                                  "functions": [
                                    {
                                      "function": "set_custom_data",
                                      "tag": "{\"type\":\"minecraft:dark_forest\",\"temperature\":0.7d,\"has_precipitation\":1b}"
                                    }
                                  ],
                                  "conditions": [
                                    {
                                      "condition": "minecraft:location_check",
                                      "predicate": {
                                        "biomes": [
                                          "dark_forest"
                                        ]
                                      }
                                    }
                                  ]
                                },
                                {
                                  "type": "item",
                                  "name": "egg",
                                  "functions": [
                                    {
                                      "function": "set_custom_data",
                                      "tag": "{\"type\":\"minecraft:deep_cold_ocean\",\"temperature\":0.5d,\"has_precipitation\":1b}"
                                    }
                                  ]
                                }
                              ],
                              "conditions": [
                                {
                                  "condition": "minecraft:location_check",
                                  "predicate": {
                                    "biomes": [
                                      "dark_forest",
                                      "deep_cold_ocean"
                                    ]
                                  }
                                }
                              ]
                            },
                            {
                              "type": "alternatives",
                              "children": [
                                {
                                  "type": "item",
                                  "name": "egg",
                                  "functions": [
                                    {
                                      "function": "set_custom_data",
                                      "tag": "{\"type\":\"minecraft:deep_dark\",\"temperature\":0.8d,\"has_precipitation\":1b}"
                                    }
                                  ],
                                  "conditions": [
                                    {
                                      "condition": "minecraft:location_check",
                                      "predicate": {
                                        "biomes": [
                                          "deep_dark"
                                        ]
                                      }
                                    }
                                  ]
                                },
                                {
                                  "type": "item",
                                  "name": "egg",
                                  "functions": [
                                    {
                                      "function": "set_custom_data",
                                      "tag": "{\"type\":\"minecraft:deep_frozen_ocean\",\"temperature\":0.5d,\"has_precipitation\":1b}"
                                    }
                                  ]
                                }
                              ]
                            }
                          ],
                          "conditions": [
                            {
                              "condition": "minecraft:location_check",
                              "predicate": {
                                "biomes": [
                                  "dark_forest",
                                  "deep_cold_ocean",
                                  "deep_dark",
                                  "deep_frozen_ocean"
                                ]
                              }
                            }
                          ]
                        },
                        {
                          "type": "alternatives",
                          "children": [
                            {
                              "type": "alternatives",
                              "children": [
                                {
                                  "type": "item",
                                  "name": "egg",
                                  "functions": [
                                    {
                                      "function": "set_custom_data",
                                      "tag": "{\"type\":\"minecraft:deep_lukewarm_ocean\",\"temperature\":0.5d,\"has_precipitation\":1b}"
                                    }
                                  ],
                                  "conditions": [
                                    {
                                      "condition": "minecraft:location_check",
                                      "predicate": {
                                        "biomes": [
                                          "deep_lukewarm_ocean"
                                        ]
                                      }
                                    }
                                  ]
                                },
                                {
                                  "type": "item",
                                  "name": "egg",
                                  "functions": [
                                    {
                                      "function": "set_custom_data",
                                      "tag": "{\"type\":\"minecraft:deep_ocean\",\"temperature\":0.5d,\"has_precipitation\":1b}"
                                    }
                                  ]
                                }
                              ],
                              "conditions": [
                                {
                                  "condition": "minecraft:location_check",
                                  "predicate": {
                                    "biomes": [
                                      "deep_lukewarm_ocean",
                                      "deep_ocean"
                                    ]
                                  }
                                }
                              ]
                            },
                            {
                              "type": "alternatives",
                              "children": [
                                {
                                  "type": "item",
                                  "name": "egg",
                                  "functions": [
                                    {
                                      "function": "set_custom_data",
                                      "tag": "{\"type\":\"minecraft:desert\",\"temperature\":2.0d,\"has_precipitation\":0b}"
                                    }
                                  ],
                                  "conditions": [
                                    {
                                      "condition": "minecraft:location_check",
                                      "predicate": {
                                        "biomes": [
                                          "desert"
                                        ]
                                      }
                                    }
                                  ]
                                },
                                {
                                  "type": "item",
                                  "name": "egg",
                                  "functions": [
                                    {
                                      "function": "set_custom_data",
                                      "tag": "{\"type\":\"minecraft:dripstone_caves\",\"temperature\":0.8d,\"has_precipitation\":1b}"
                                    }
                                  ]
                                }
                              ]
                            }
                          ]
                        }
                      ]
                    }
                  ],
                  "conditions": [
                    {
                      "condition": "minecraft:location_check",
                      "predicate": {
                        "biomes": [
                          "badlands",
                          "bamboo_jungle",
                          "basalt_deltas",
                          "beach",
                          "birch_forest",
                          "cherry_grove",
                          "cold_ocean",
                          "crimson_forest",
                          "dark_forest",
                          "deep_cold_ocean",
                          "deep_dark",
                          "deep_frozen_ocean",
                          "deep_lukewarm_ocean",
                          "deep_ocean",
                          "desert",
                          "dripstone_caves"
                        ]
                      }
                    }
                  ]
                },
                {
                  "type": "alternatives",
                  "children": [
                    {
                      "type": "alternatives",
                      "children": [
                        {
                          "type": "alternatives",
                          "children": [
                            {
                              "type": "alternatives",
                              "children": [
                                {
                                  "type": "item",
                                  "name": "egg",
                                  "functions": [
                                    {
                                      "function": "set_custom_data",
                                      "tag": "{\"type\":\"minecraft:end_barrens\",\"temperature\":0.5d,\"has_precipitation\":0b}"
                                    }
                                  ],
                                  "conditions": [
                                    {
                                      "condition": "minecraft:location_check",
                                      "predicate": {
                                        "biomes": [
                                          "end_barrens"
                                        ]
                                      }
                                    }
                                  ]
                                },
                                {
                                  "type": "item",
                                  "name": "egg",
                                  "functions": [
                                    {
                                      "function": "set_custom_data",
                                      "tag": "{\"type\":\"minecraft:end_highlands\",\"temperature\":0.5d,\"has_precipitation\":0b}"
                                    }
                                  ]
                                }
                              ],
                              "conditions": [
                                {
                                  "condition": "minecraft:location_check",
                                  "predicate": {
                                    "biomes": [
                                      "end_barrens",
                                      "end_highlands"
                                    ]
                                  }
                                }
                              ]
                            },
                            {
                              "type": "alternatives",
                              "children": [
                                {
                                  "type": "item",
                                  "name": "egg",
                                  "functions": [
                                    {
                                      "function": "set_custom_data",
                                      "tag": "{\"type\":\"minecraft:end_midlands\",\"temperature\":0.5d,\"has_precipitation\":0b}"
                                    }
                                  ],
                                  "conditions": [
                                    {
                                      "condition": "minecraft:location_check",
                                      "predicate": {
                                        "biomes": [
                                          "end_midlands"
                                        ]
                                      }
                                    }
                                  ]
                                },
                                {
                                  "type": "item",
                                  "name": "egg",
                                  "functions": [
                                    {
                                      "function": "set_custom_data",
                                      "tag": "{\"type\":\"minecraft:eroded_badlands\",\"temperature\":2.0d,\"has_precipitation\":0b}"
                                    }
                                  ]
                                }
                              ]
                            }
                          ],
                          "conditions": [
                            {
                              "condition": "minecraft:location_check",
                              "predicate": {
                                "biomes": [
                                  "end_barrens",
                                  "end_highlands",
                                  "end_midlands",
                                  "eroded_badlands"
                                ]
                              }
                            }
                          ]
                        },
                        {
                          "type": "alternatives",
                          "children": [
                            {
                              "type": "alternatives",
                              "children": [
                                {
                                  "type": "item",
                                  "name": "egg",
                                  "functions": [
                                    {
                                      "function": "set_custom_data",
                                      "tag": "{\"type\":\"minecraft:flower_forest\",\"temperature\":0.7d,\"has_precipitation\":1b}"
                                    }
                                  ],
                                  "conditions": [
                                    {
                                      "condition": "minecraft:location_check",
                                      "predicate": {
                                        "biomes": [
                                          "flower_forest"
                                        ]
                                      }
                                    }
                                  ]
                                },
                                {
                                  "type": "item",
                                  "name": "egg",
                                  "functions": [
                                    {
                                      "function": "set_custom_data",
                                      "tag": "{\"type\":\"minecraft:forest\",\"temperature\":0.7d,\"has_precipitation\":1b}"
                                    }
                                  ]
                                }
                              ],
                              "conditions": [
                                {
                                  "condition": "minecraft:location_check",
                                  "predicate": {
                                    "biomes": [
                                      "flower_forest",
                                      "forest"
                                    ]
                                  }
                                }
                              ]
                            },
                            {
                              "type": "alternatives",
                              "children": [
                                {
                                  "type": "item",
                                  "name": "egg",
                                  "functions": [
                                    {
                                      "function": "set_custom_data",
                                      "tag": "{\"type\":\"minecraft:frozen_ocean\",\"temperature\":0.0d,\"has_precipitation\":1b}"
                                    }
                                  ],
                                  "conditions": [
                                    {
                                      "condition": "minecraft:location_check",
                                      "predicate": {
                                        "biomes": [
                                          "frozen_ocean"
                                        ]
                                      }
                                    }
                                  ]
                                },
                                {
                                  "type": "item",
                                  "name": "egg",
                                  "functions": [
                                    {
                                      "function": "set_custom_data",
                                      "tag": "{\"type\":\"minecraft:frozen_peaks\",\"temperature\":-0.7d,\"has_precipitation\":1b}"
                                    }
                                  ]
                                }
                              ]
                            }
                          ]
                        }
                      ],
                      "conditions": [
                        {
                          "condition": "minecraft:location_check",
                          "predicate": {
                            "biomes": [
                              "end_barrens",
                              "end_highlands",
                              "end_midlands",
                              "eroded_badlands",
                              "flower_forest",
                              "forest",
                              "frozen_ocean",
                              "frozen_peaks"
                            ]
                          }
                        }
                      ]
                    },
                    {
                      "type": "alternatives",
                      "children": [
                        {
                          "type": "alternatives",
                          "children": [
                            {
                              "type": "alternatives",
                              "children": [
                                {
                                  "type": "item",
                                  "name": "egg",
                                  "functions": [
                                    {
                                      "function": "set_custom_data",
                                      "tag": "{\"type\":\"minecraft:frozen_river\",\"temperature\":0.0d,\"has_precipitation\":1b}"
                                    }
                                  ],
                                  "conditions": [
                                    {
                                      "condition": "minecraft:location_check",
                                      "predicate": {
                                        "biomes": [
                                          "frozen_river"
                                        ]
                                      }
                                    }
                                  ]
                                },
                                {
                                  "type": "item",
                                  "name": "egg",
                                  "functions": [
                                    {
                                      "function": "set_custom_data",
                                      "tag": "{\"type\":\"minecraft:grove\",\"temperature\":-0.2d,\"has_precipitation\":1b}"
                                    }
                                  ]
                                }
                              ],
                              "conditions": [
                                {
                                  "condition": "minecraft:location_check",
                                  "predicate": {
                                    "biomes": [
                                      "frozen_river",
                                      "grove"
                                    ]
                                  }
                                }
                              ]
                            },
                            {
                              "type": "alternatives",
                              "children": [
                                {
                                  "type": "item",
                                  "name": "egg",
                                  "functions": [
                                    {
                                      "function": "set_custom_data",
                                      "tag": "{\"type\":\"minecraft:ice_spikes\",\"temperature\":0.0d,\"has_precipitation\":1b}"
                                    }
                                  ],
                                  "conditions": [
                                    {
                                      "condition": "minecraft:location_check",
                                      "predicate": {
                                        "biomes": [
                                          "ice_spikes"
                                        ]
                                      }
                                    }
                                  ]
                                },
                                {
                                  "type": "item",
                                  "name": "egg",
                                  "functions": [
                                    {
                                      "function": "set_custom_data",
                                      "tag": "{\"type\":\"minecraft:jagged_peaks\",\"temperature\":-0.7d,\"has_precipitation\":1b}"
                                    }
                                  ]
                                }
                              ]
                            }
                          ],
                          "conditions": [
                            {
                              "condition": "minecraft:location_check",
                              "predicate": {
                                "biomes": [
                                  "frozen_river",
                                  "grove",
                                  "ice_spikes",
                                  "jagged_peaks"
                                ]
                              }
                            }
                          ]
                        },
                        {
                          "type": "alternatives",
                          "children": [
                            {
                              "type": "alternatives",
                              "children": [
                                {
                                  "type": "item",
                                  "name": "egg",
                                  "functions": [
                                    {
                                      "function": "set_custom_data",
                                      "tag": "{\"type\":\"minecraft:jungle\",\"temperature\":0.95d,\"has_precipitation\":1b}"
                                    }
                                  ],
                                  "conditions": [
                                    {
                                      "condition": "minecraft:location_check",
                                      "predicate": {
                                        "biomes": [
                                          "jungle"
                                        ]
                                      }
                                    }
                                  ]
                                },
                                {
                                  "type": "item",
                                  "name": "egg",
                                  "functions": [
                                    {
                                      "function": "set_custom_data",
                                      "tag": "{\"type\":\"minecraft:lukewarm_ocean\",\"temperature\":0.5d,\"has_precipitation\":1b}"
                                    }
                                  ]
                                }
                              ],
                              "conditions": [
                                {
                                  "condition": "minecraft:location_check",
                                  "predicate": {
                                    "biomes": [
                                      "jungle",
                                      "lukewarm_ocean"
                                    ]
                                  }
                                }
                              ]
                            },
                            {
                              "type": "alternatives",
                              "children": [
                                {
                                  "type": "item",
                                  "name": "egg",
                                  "functions": [
                                    {
                                      "function": "set_custom_data",
                                      "tag": "{\"type\":\"minecraft:lush_caves\",\"temperature\":0.5d,\"has_precipitation\":1b}"
                                    }
                                  ],
                                  "conditions": [
                                    {
                                      "condition": "minecraft:location_check",
                                      "predicate": {
                                        "biomes": [
                                          "lush_caves"
                                        ]
                                      }
                                    }
                                  ]
                                },
                                {
                                  "type": "item",
                                  "name": "egg",
                                  "functions": [
                                    {
                                      "function": "set_custom_data",
                                      "tag": "{\"type\":\"minecraft:mangrove_swamp\",\"temperature\":0.8d,\"has_precipitation\":1b}"
                                    }
                                  ]
                                }
                              ]
                            }
                          ]
                        }
                      ]
                    }
                  ]
                }
              ],
              "conditions": [
                {
                  "condition": "minecraft:location_check",
                  "predicate": {
                    "biomes": [
                      "badlands",
                      "bamboo_jungle",
                      "basalt_deltas",
                      "beach",
                      "birch_forest",
                      "cherry_grove",
                      "cold_ocean",
                      "crimson_forest",
                      "dark_forest",
                      "deep_cold_ocean",
                      "deep_dark",
                      "deep_frozen_ocean",
                      "deep_lukewarm_ocean",
                      "deep_ocean",
                      "desert",
                      "dripstone_caves",
                      "end_barrens",
                      "end_highlands",
                      "end_midlands",
                      "eroded_badlands",
                      "flower_forest",
                      "forest",
                      "frozen_ocean",
                      "frozen_peaks",
                      "frozen_river",
                      "grove",
                      "ice_spikes",
                      "jagged_peaks",
                      "jungle",
                      "lukewarm_ocean",
                      "lush_caves",
                      "mangrove_swamp"
                    ]
                  }
                }
              ]
            },
            {
              "type": "alternatives",
              "children": [
                {
                  "type": "alternatives",
                  "children": [
                    {
                      "type": "alternatives",
                      "children": [
                        {
                          "type": "alternatives",
                          "children": [
                            {
                              "type": "alternatives",
                              "children": [
                                {
                                  "type": "item",
                                  "name": "egg",
                                  "functions": [
                                    {
                                      "function": "set_custom_data",
                                      "tag": "{\"type\":\"minecraft:meadow\",\"temperature\":0.5d,\"has_precipitation\":1b}"
                                    }
                                  ],
                                  "conditions": [
                                    {
                                      "condition": "minecraft:location_check",
                                      "predicate": {
                                        "biomes": [
                                          "meadow"
                                        ]
                                      }
                                    }
                                  ]
                                },
                                {
                                  "type": "item",
                                  "name": "egg",
                                  "functions": [
                                    {
                                      "function": "set_custom_data",
                                      "tag": "{\"type\":\"minecraft:mushroom_fields\",\"temperature\":0.9d,\"has_precipitation\":1b}"
                                    }
                                  ]
                                }
                              ],
                              "conditions": [
                                {
                                  "condition": "minecraft:location_check",
                                  "predicate": {
                                    "biomes": [
                                      "meadow",
                                      "mushroom_fields"
                                    ]
                                  }
                                }
                              ]
                            },
                            {
                              "type": "alternatives",
                              "children": [
                                {
                                  "type": "item",
                                  "name": "egg",
                                  "functions": [
                                    {
                                      "function": "set_custom_data",
                                      "tag": "{\"type\":\"minecraft:nether_wastes\",\"temperature\":2.0d,\"has_precipitation\":0b}"
                                    }
                                  ],
                                  "conditions": [
                                    {
                                      "condition": "minecraft:location_check",
                                      "predicate": {
                                        "biomes": [
                                          "nether_wastes"
                                        ]
                                      }
                                    }
                                  ]
                                },
                                {
                                  "type": "item",
                                  "name": "egg",
                                  "functions": [
                                    {
                                      "function": "set_custom_data",
                                      "tag": "{\"type\":\"minecraft:ocean\",\"temperature\":0.5d,\"has_precipitation\":1b}"
                                    }
                                  ]
                                }
                              ]
                            }
                          ],
                          "conditions": [
                            {
                              "condition": "minecraft:location_check",
                              "predicate": {
                                "biomes": [
                                  "meadow",
                                  "mushroom_fields",
                                  "nether_wastes",
                                  "ocean"
                                ]
                              }
                            }
                          ]
                        },
                        {
                          "type": "alternatives",
                          "children": [
                            {
                              "type": "alternatives",
                              "children": [
                                {
                                  "type": "item",
                                  "name": "egg",
                                  "functions": [
                                    {
                                      "function": "set_custom_data",
                                      "tag": "{\"type\":\"minecraft:old_growth_birch_forest\",\"temperature\":0.6d,\"has_precipitation\":1b}"
                                    }
                                  ],
                                  "conditions": [
                                    {
                                      "condition": "minecraft:location_check",
                                      "predicate": {
                                        "biomes": [
                                          "old_growth_birch_forest"
                                        ]
                                      }
                                    }
                                  ]
                                },
                                {
                                  "type": "item",
                                  "name": "egg",
                                  "functions": [
                                    {
                                      "function": "set_custom_data",
                                      "tag": "{\"type\":\"minecraft:old_growth_pine_taiga\",\"temperature\":0.3d,\"has_precipitation\":1b}"
                                    }
                                  ]
                                }
                              ],
                              "conditions": [
                                {
                                  "condition": "minecraft:location_check",
                                  "predicate": {
                                    "biomes": [
                                      "old_growth_birch_forest",
                                      "old_growth_pine_taiga"
                                    ]
                                  }
                                }
                              ]
                            },
                            {
                              "type": "alternatives",
                              "children": [
                                {
                                  "type": "item",
                                  "name": "egg",
                                  "functions": [
                                    {
                                      "function": "set_custom_data",
                                      "tag": "{\"type\":\"minecraft:old_growth_spruce_taiga\",\"temperature\":0.25d,\"has_precipitation\":1b}"
                                    }
                                  ],
                                  "conditions": [
                                    {
                                      "condition": "minecraft:location_check",
                                      "predicate": {
                                        "biomes": [
                                          "old_growth_spruce_taiga"
                                        ]
                                      }
                                    }
                                  ]
                                },
                                {
                                  "type": "item",
                                  "name": "egg",
                                  "functions": [
                                    {
                                      "function": "set_custom_data",
                                      "tag": "{\"type\":\"minecraft:pale_garden\",\"temperature\":0.7d,\"has_precipitation\":1b}"
                                    }
                                  ]
                                }
                              ]
                            }
                          ]
                        }
                      ],
                      "conditions": [
                        {
                          "condition": "minecraft:location_check",
                          "predicate": {
                            "biomes": [
                              "meadow",
                              "mushroom_fields",
                              "nether_wastes",
                              "ocean",
                              "old_growth_birch_forest",
                              "old_growth_pine_taiga",
                              "old_growth_spruce_taiga",
                              "pale_garden"
                            ]
                          }
                        }
                      ]
                    },
                    {
                      "type": "alternatives",
                      "children": [
                        {
                          "type": "alternatives",
                          "children": [
                            {
                              "type": "alternatives",
                              "children": [
                                {
                                  "type": "item",
                                  "name": "egg",
                                  "functions": [
                                    {
                                      "function": "set_custom_data",
                                      "tag": "{\"type\":\"minecraft:plains\",\"temperature\":0.8d,\"has_precipitation\":1b}"
                                    }
                                  ],
                                  "conditions": [
                                    {
                                      "condition": "minecraft:location_check",
                                      "predicate": {
                                        "biomes": [
                                          "plains"
                                        ]
                                      }
                                    }
                                  ]
                                },
                                {
                                  "type": "item",
                                  "name": "egg",
                                  "functions": [
                                    {
                                      "function": "set_custom_data",
                                      "tag": "{\"type\":\"minecraft:river\",\"temperature\":0.5d,\"has_precipitation\":1b}"
                                    }
                                  ]
                                }
                              ],
                              "conditions": [
                                {
                                  "condition": "minecraft:location_check",
                                  "predicate": {
                                    "biomes": [
                                      "plains",
                                      "river"
                                    ]
                                  }
                                }
                              ]
                            },
                            {
                              "type": "alternatives",
                              "children": [
                                {
                                  "type": "item",
                                  "name": "egg",
                                  "functions": [
                                    {
                                      "function": "set_custom_data",
                                      "tag": "{\"type\":\"minecraft:savanna\",\"temperature\":2.0d,\"has_precipitation\":0b}"
                                    }
                                  ],
                                  "conditions": [
                                    {
                                      "condition": "minecraft:location_check",
                                      "predicate": {
                                        "biomes": [
                                          "savanna"
                                        ]
                                      }
                                    }
                                  ]
                                },
                                {
                                  "type": "item",
                                  "name": "egg",
                                  "functions": [
                                    {
                                      "function": "set_custom_data",
                                      "tag": "{\"type\":\"minecraft:savanna_plateau\",\"temperature\":2.0d,\"has_precipitation\":0b}"
                                    }
                                  ]
                                }
                              ]
                            }
                          ],
                          "conditions": [
                            {
                              "condition": "minecraft:location_check",
                              "predicate": {
                                "biomes": [
                                  "plains",
                                  "river",
                                  "savanna",
                                  "savanna_plateau"
                                ]
                              }
                            }
                          ]
                        },
                        {
                          "type": "alternatives",
                          "children": [
                            {
                              "type": "alternatives",
                              "children": [
                                {
                                  "type": "item",
                                  "name": "egg",
                                  "functions": [
                                    {
                                      "function": "set_custom_data",
                                      "tag": "{\"type\":\"minecraft:small_end_islands\",\"temperature\":0.5d,\"has_precipitation\":0b}"
                                    }
                                  ],
                                  "conditions": [
                                    {
                                      "condition": "minecraft:location_check",
                                      "predicate": {
                                        "biomes": [
                                          "small_end_islands"
                                        ]
                                      }
                                    }
                                  ]
                                },
                                {
                                  "type": "item",
                                  "name": "egg",
                                  "functions": [
                                    {
                                      "function": "set_custom_data",
                                      "tag": "{\"type\":\"minecraft:snowy_beach\",\"temperature\":0.05d,\"has_precipitation\":1b}"
                                    }
                                  ]
                                }
                              ],
                              "conditions": [
                                {
                                  "condition": "minecraft:location_check",
                                  "predicate": {
                                    "biomes": [
                                      "small_end_islands",
                                      "snowy_beach"
                                    ]
                                  }
                                }
                              ]
                            },
                            {
                              "type": "alternatives",
                              "children": [
                                {
                                  "type": "item",
                                  "name": "egg",
                                  "functions": [
                                    {
                                      "function": "set_custom_data",
                                      "tag": "{\"type\":\"minecraft:snowy_plains\",\"temperature\":0.0d,\"has_precipitation\":1b}"
                                    }
                                  ],
                                  "conditions": [
                                    {
                                      "condition": "minecraft:location_check",
                                      "predicate": {
                                        "biomes": [
                                          "snowy_plains"
                                        ]
                                      }
                                    }
                                  ]
                                },
                                {
                                  "type": "item",
                                  "name": "egg",
                                  "functions": [
                                    {
                                      "function": "set_custom_data",
                                      "tag": "{\"type\":\"minecraft:snowy_slopes\",\"temperature\":-0.3d,\"has_precipitation\":1b}"
                                    }
                                  ]
                                }
                              ]
                            }
                          ]
                        }
                      ]
                    }
                  ],
                  "conditions": [
                    {
                      "condition": "minecraft:location_check",
                      "predicate": {
                        "biomes": [
                          "meadow",
                          "mushroom_fields",
                          "nether_wastes",
                          "ocean",
                          "old_growth_birch_forest",
                          "old_growth_pine_taiga",
                          "old_growth_spruce_taiga",
                          "pale_garden",
                          "plains",
                          "river",
                          "savanna",
                          "savanna_plateau",
                          "small_end_islands",
                          "snowy_beach",
                          "snowy_plains",
                          "snowy_slopes"
                        ]
                      }
                    }
                  ]
                },
                {
                  "type": "alternatives",
                  "children": [
                    {
                      "type": "alternatives",
                      "children": [
                        {
                          "type": "alternatives",
                          "children": [
                            {
                              "type": "alternatives",
                              "children": [
                                {
                                  "type": "item",
                                  "name": "egg",
                                  "functions": [
                                    {
                                      "function": "set_custom_data",
                                      "tag": "{\"type\":\"minecraft:snowy_taiga\",\"temperature\":-0.5d,\"has_precipitation\":1b}"
                                    }
                                  ],
                                  "conditions": [
                                    {
                                      "condition": "minecraft:location_check",
                                      "predicate": {
                                        "biomes": [
                                          "snowy_taiga"
                                        ]
                                      }
                                    }
                                  ]
                                },
                                {
                                  "type": "item",
                                  "name": "egg",
                                  "functions": [
                                    {
                                      "function": "set_custom_data",
                                      "tag": "{\"type\":\"minecraft:soul_sand_valley\",\"temperature\":2.0d,\"has_precipitation\":0b}"
                                    }
                                  ]
                                }
                              ],
                              "conditions": [
                                {
                                  "condition": "minecraft:location_check",
                                  "predicate": {
                                    "biomes": [
                                      "snowy_taiga",
                                      "soul_sand_valley"
                                    ]
                                  }
                                }
                              ]
                            },
                            {
                              "type": "alternatives",
                              "children": [
                                {
                                  "type": "item",
                                  "name": "egg",
                                  "functions": [
                                    {
                                      "function": "set_custom_data",
                                      "tag": "{\"type\":\"minecraft:sparse_jungle\",\"temperature\":0.95d,\"has_precipitation\":1b}"
                                    }
                                  ],
                                  "conditions": [
                                    {
                                      "condition": "minecraft:location_check",
                                      "predicate": {
                                        "biomes": [
                                          "sparse_jungle"
                                        ]
                                      }
                                    }
                                  ]
                                },
                                {
                                  "type": "item",
                                  "name": "egg",
                                  "functions": [
                                    {
                                      "function": "set_custom_data",
                                      "tag": "{\"type\":\"minecraft:stony_peaks\",\"temperature\":1.0d,\"has_precipitation\":1b}"
                                    }
                                  ]
                                }
                              ]
                            }
                          ],
                          "conditions": [
                            {
                              "condition": "minecraft:location_check",
                              "predicate": {
                                "biomes": [
                                  "snowy_taiga",
                                  "soul_sand_valley",
                                  "sparse_jungle",
                                  "stony_peaks"
                                ]
                              }
                            }
                          ]
                        },
                        {
                          "type": "alternatives",
                          "children": [
                            {
                              "type": "alternatives",
                              "children": [
                                {
                                  "type": "item",
                                  "name": "egg",
                                  "functions": [
                                    {
                                      "function": "set_custom_data",
                                      "tag": "{\"type\":\"minecraft:stony_shore\",\"temperature\":0.2d,\"has_precipitation\":1b}"
                                    }
                                  ],
                                  "conditions": [
                                    {
                                      "condition": "minecraft:location_check",
                                      "predicate": {
                                        "biomes": [
                                          "stony_shore"
                                        ]
                                      }
                                    }
                                  ]
                                },
                                {
                                  "type": "item",
                                  "name": "egg",
                                  "functions": [
                                    {
                                      "function": "set_custom_data",
                                      "tag": "{\"type\":\"minecraft:sunflower_plains\",\"temperature\":0.8d,\"has_precipitation\":1b}"
                                    }
                                  ]
                                }
                              ],
                              "conditions": [
                                {
                                  "condition": "minecraft:location_check",
                                  "predicate": {
                                    "biomes": [
                                      "stony_shore",
                                      "sunflower_plains"
                                    ]
                                  }
                                }
                              ]
                            },
                            {
                              "type": "alternatives",
                              "children": [
                                {
                                  "type": "item",
                                  "name": "egg",
                                  "functions": [
                                    {
                                      "function": "set_custom_data",
                                      "tag": "{\"type\":\"minecraft:swamp\",\"temperature\":0.8d,\"has_precipitation\":1b}"
                                    }
                                  ],
                                  "conditions": [
                                    {
                                      "condition": "minecraft:location_check",
                                      "predicate": {
                                        "biomes": [
                                          "swamp"
                                        ]
                                      }
                                    }
                                  ]
                                },
                                {
                                  "type": "item",
                                  "name": "egg",
                                  "functions": [
                                    {
                                      "function": "set_custom_data",
                                      "tag": "{\"type\":\"minecraft:taiga\",\"temperature\":0.25d,\"has_precipitation\":1b}"
                                    }
                                  ]
                                }
                              ]
                            }
                          ]
                        }
                      ],
                      "conditions": [
                        {
                          "condition": "minecraft:location_check",
                          "predicate": {
                            "biomes": [
                              "snowy_taiga",
                              "soul_sand_valley",
                              "sparse_jungle",
                              "stony_peaks",
                              "stony_shore",
                              "sunflower_plains",
                              "swamp",
                              "taiga"
                            ]
                          }
                        }
                      ]
                    },
                    {
                      "type": "alternatives",
                      "children": [
                        {
                          "type": "alternatives",
                          "children": [
                            {
                              "type": "alternatives",
                              "children": [
                                {
                                  "type": "item",
                                  "name": "egg",
                                  "functions": [
                                    {
                                      "function": "set_custom_data",
                                      "tag": "{\"type\":\"minecraft:the_end\",\"temperature\":0.5d,\"has_precipitation\":0b}"
                                    }
                                  ],
                                  "conditions": [
                                    {
                                      "condition": "minecraft:location_check",
                                      "predicate": {
                                        "biomes": [
                                          "the_end"
                                        ]
                                      }
                                    }
                                  ]
                                },
                                {
                                  "type": "item",
                                  "name": "egg",
                                  "functions": [
                                    {
                                      "function": "set_custom_data",
                                      "tag": "{\"type\":\"minecraft:the_void\",\"temperature\":0.5d,\"has_precipitation\":0b}"
                                    }
                                  ]
                                }
                              ],
                              "conditions": [
                                {
                                  "condition": "minecraft:location_check",
                                  "predicate": {
                                    "biomes": [
                                      "the_end",
                                      "the_void"
                                    ]
                                  }
                                }
                              ]
                            },
                            {
                              "type": "alternatives",
                              "children": [
                                {
                                  "type": "item",
                                  "name": "egg",
                                  "functions": [
                                    {
                                      "function": "set_custom_data",
                                      "tag": "{\"type\":\"minecraft:warm_ocean\",\"temperature\":0.5d,\"has_precipitation\":1b}"
                                    }
                                  ],
                                  "conditions": [
                                    {
                                      "condition": "minecraft:location_check",
                                      "predicate": {
                                        "biomes": [
                                          "warm_ocean"
                                        ]
                                      }
                                    }
                                  ]
                                },
                                {
                                  "type": "item",
                                  "name": "egg",
                                  "functions": [
                                    {
                                      "function": "set_custom_data",
                                      "tag": "{\"type\":\"minecraft:warped_forest\",\"temperature\":2.0d,\"has_precipitation\":0b}"
                                    }
                                  ]
                                }
                              ]
                            }
                          ],
                          "conditions": [
                            {
                              "condition": "minecraft:location_check",
                              "predicate": {
                                "biomes": [
                                  "the_end",
                                  "the_void",
                                  "warm_ocean",
                                  "warped_forest"
                                ]
                              }
                            }
                          ]
                        },
                        {
                          "type": "alternatives",
                          "children": [
                            {
                              "type": "alternatives",
                              "children": [
                                {
                                  "type": "item",
                                  "name": "egg",
                                  "functions": [
                                    {
                                      "function": "set_custom_data",
                                      "tag": "{\"type\":\"minecraft:windswept_forest\",\"temperature\":0.2d,\"has_precipitation\":1b}"
                                    }
                                  ],
                                  "conditions": [
                                    {
                                      "condition": "minecraft:location_check",
                                      "predicate": {
                                        "biomes": [
                                          "windswept_forest"
                                        ]
                                      }
                                    }
                                  ]
                                },
                                {
                                  "type": "item",
                                  "name": "egg",
                                  "functions": [
                                    {
                                      "function": "set_custom_data",
                                      "tag": "{\"type\":\"minecraft:windswept_gravelly_hills\",\"temperature\":0.2d,\"has_precipitation\":1b}"
                                    }
                                  ]
                                }
                              ],
                              "conditions": [
                                {
                                  "condition": "minecraft:location_check",
                                  "predicate": {
                                    "biomes": [
                                      "windswept_forest",
                                      "windswept_gravelly_hills"
                                    ]
                                  }
                                }
                              ]
                            },
                            {
                              "type": "alternatives",
                              "children": [
                                {
                                  "type": "item",
                                  "name": "egg",
                                  "functions": [
                                    {
                                      "function": "set_custom_data",
                                      "tag": "{\"type\":\"minecraft:windswept_hills\",\"temperature\":0.2d,\"has_precipitation\":1b}"
                                    }
                                  ],
                                  "conditions": [
                                    {
                                      "condition": "minecraft:location_check",
                                      "predicate": {
                                        "biomes": [
                                          "windswept_hills"
                                        ]
                                      }
                                    }
                                  ]
                                },
                                {
                                  "type": "alternatives",
                                  "children": [
                                    {
                                      "type": "item",
                                      "name": "egg",
                                      "functions": [
                                        {
                                          "function": "set_custom_data",
                                          "tag": "{\"type\":\"minecraft:windswept_savanna\",\"temperature\":2.0d,\"has_precipitation\":0b}"
                                        }
                                      ],
                                      "conditions": [
                                        {
                                          "condition": "minecraft:location_check",
                                          "predicate": {
                                            "biomes": [
                                              "windswept_savanna"
                                            ]
                                          }
                                        }
                                      ]
                                    },
                                    {
                                      "type": "item",
                                      "name": "egg",
                                      "functions": [
                                        {
                                          "function": "set_custom_data",
                                          "tag": "{\"type\":\"minecraft:wooded_badlands\",\"temperature\":2.0d,\"has_precipitation\":0b}"
                                        }
                                      ]
                                    }
                                  ]
                                }
                              ]
                            }
                          ]
                        }
                      ]
                    }
                  ]
                }
              ]
            }
          ]
        }
      ]
    }
  ]
}
