{
  "pools": [
    {
      "rolls": 1,
      "entries": [
        {
          "type": "alternatives",
          "children": [
            {
              "type": "item",
              "name": "egg",
              "functions": [
                {
                  "function": "set_custom_data",
                  "tag": "{\"interaction_shape\":[[1.0d,0.0d,1.0d,15.0d,8.0d,15.0d]],\"collision_shape\":[[1.0d,0.0d,1.0d,15.0d,8.0d,15.0d]]}"
                }
              ],
              "conditions": [
                {
                  "condition": "location_check",
                  "predicate": {
                    "block": {
                      "state": {
                        "bites": "0"
                      }
                    }
                  }
                }
              ]
            },
            {
              "type": "item",
              "name": "egg",
              "functions": [
                {
                  "function": "set_custom_data",
                  "tag": "{\"interaction_shape\":[[3.0d,0.0d,1.0d,15.0d,8.0d,15.0d]],\"collision_shape\":[[3.0d,0.0d,1.0d,15.0d,8.0d,15.0d]]}"
                }
              ],
              "conditions": [
                {
                  "condition": "location_check",
                  "predicate": {
                    "block": {
                      "state": {
                        "bites": "1"
                      }
                    }
                  }
                }
              ]
            },
            {
              "type": "item",
              "name": "egg",
              "functions": [
                {
                  "function": "set_custom_data",
                  "tag": "{\"interaction_shape\":[[5.0d,0.0d,1.0d,15.0d,8.0d,15.0d]],\"collision_shape\":[[5.0d,0.0d,1.0d,15.0d,8.0d,15.0d]]}"
                }
              ],
              "conditions": [
                {
                  "condition": "location_check",
                  "predicate": {
                    "block": {
                      "state": {
                        "bites": "2"
                      }
                    }
                  }
                }
              ]
            },
            {
              "type": "item",
              "name": "egg",
              "functions": [
                {
                  "function": "set_custom_data",
                  "tag": "{\"interaction_shape\":[[7.0d,0.0d,1.0d,15.0d,8.0d,15.0d]],\"collision_shape\":[[7.0d,0.0d,1.0d,15.0d,8.0d,15.0d]]}"
                }
              ],
              "conditions": [
                {
                  "condition": "location_check",
                  "predicate": {
                    "block": {
                      "state": {
                        "bites": "3"
                      }
                    }
                  }
                }
              ]
            },
            {
              "type": "item",
              "name": "egg",
              "functions": [
                {
                  "function": "set_custom_data",
                  "tag": "{\"interaction_shape\":[[9.0d,0.0d,1.0d,15.0d,8.0d,15.0d]],\"collision_shape\":[[9.0d,0.0d,1.0d,15.0d,8.0d,15.0d]]}"
                }
              ],
              "conditions": [
                {
                  "condition": "location_check",
                  "predicate": {
                    "block": {
                      "state": {
                        "bites": "4"
                      }
                    }
                  }
                }
              ]
            },
            {
              "type": "item",
              "name": "egg",
              "functions": [
                {
                  "function": "set_custom_data",
                  "tag": "{\"interaction_shape\":[[11.0d,0.0d,1.0d,15.0d,8.0d,15.0d]],\"collision_shape\":[[11.0d,0.0d,1.0d,15.0d,8.0d,15.0d]]}"
                }
              ],
              "conditions": [
                {
                  "condition": "location_check",
                  "predicate": {
                    "block": {
                      "state": {
                        "bites": "5"
                      }
                    }
                  }
                }
              ]
            },
            {
              "type": "item",
              "name": "egg",
              "functions": [
                {
                  "function": "set_custom_data",
                  "tag": "{\"interaction_shape\":[[13.0d,0.0d,1.0d,15.0d,8.0d,15.0d]],\"collision_shape\":[[13.0d,0.0d,1.0d,15.0d,8.0d,15.0d]]}"
                }
              ]
            }
          ]
        }
      ]
    }
  ]
}
