{
  "pools": [
    {
      "rolls": 1,
      "entries": [
        {
          "type": "alternatives",
          "children": [
            {
              "type": "item",
              "name": "egg",
              "functions": [
                {
                  "function": "set_custom_data",
                  "tag": "{\"interaction_shape\":[[0.0d,6.5d,6.5d,16.0d,9.5d,9.5d]],\"collision_shape\":[[0.0d,6.5d,6.5d,16.0d,9.5d,9.5d]]}"
                }
              ],
              "conditions": [
                {
                  "condition": "location_check",
                  "predicate": {
                    "block": {
                      "state": {
                        "axis": "x"
                      }
                    }
                  }
                }
              ]
            },
            {
              "type": "item",
              "name": "egg",
              "functions": [
                {
                  "function": "set_custom_data",
                  "tag": "{\"interaction_shape\":[[6.5d,0.0d,6.5d,9.5d,16.0d,9.5d]],\"collision_shape\":[[6.5d,0.0d,6.5d,9.5d,16.0d,9.5d]]}"
                }
              ],
              "conditions": [
                {
                  "condition": "location_check",
                  "predicate": {
                    "block": {
                      "state": {
                        "axis": "y"
                      }
                    }
                  }
                }
              ]
            },
            {
              "type": "item",
              "name": "egg",
              "functions": [
                {
                  "function": "set_custom_data",
                  "tag": "{\"collision_shape\":[[6.5d,6.5d,0.0d,9.5d,9.5d,16.0d]],\"interaction_shape\":[[6.5d,6.5d,0.0d,9.5d,9.5d,16.0d]]}"
                }
              ]
            }
          ]
        }
      ]
    }
  ]
}
