{
  "pools": [
    {
      "rolls": 1,
      "entries": [
        {
          "type": "alternatives",
          "children": [
            {
              "type": "alternatives",
              "children": [
                {
                  "type": "alternatives",
                  "children": [
                    {
                      "type": "alternatives",
                      "children": [
                        {
                          "type": "alternatives",
                          "children": [
                            {
                              "type": "alternatives",
                              "children": [
                                {
                                  "type": "item",
                                  "name": "egg",
                                  "functions": [
                                    {
                                      "function": "set_custom_data",
                                      "tag": "{\"interaction_shape\":[[0.0d,3.0d,3.0d,16.0d,13.0d,13.0d],[3.0d,0.0d,3.0d,13.0d,16.0d,13.0d],[3.0d,3.0d,0.0d,13.0d,13.0d,16.0d]],\"collision_shape\":[[0.0d,3.0d,3.0d,16.0d,13.0d,13.0d],[3.0d,0.0d,3.0d,13.0d,16.0d,13.0d],[3.0d,3.0d,0.0d,13.0d,13.0d,16.0d]]}"
                                    }
                                  ],
                                  "conditions": [
                                    {
                                      "condition": "location_check",
                                      "predicate": {
                                        "block": {
                                          "state": {
                                            "south": "true"
                                          }
                                        }
                                      }
                                    }
                                  ]
                                },
                                {
                                  "type": "item",
                                  "name": "egg",
                                  "functions": [
                                    {
                                      "function": "set_custom_data",
                                      "tag": "{\"interaction_shape\":[[0.0d,3.0d,3.0d,16.0d,13.0d,13.0d],[3.0d,0.0d,3.0d,13.0d,16.0d,13.0d],[3.0d,3.0d,0.0d,13.0d,13.0d,13.0d]],\"collision_shape\":[[0.0d,3.0d,3.0d,16.0d,13.0d,13.0d],[3.0d,0.0d,3.0d,13.0d,16.0d,13.0d],[3.0d,3.0d,0.0d,13.0d,13.0d,13.0d]]}"
                                    }
                                  ]
                                }
                              ],
                              "conditions": [
                                {
                                  "condition": "location_check",
                                  "predicate": {
                                    "block": {
                                      "state": {
                                        "west": "true"
                                      }
                                    }
                                  }
                                }
                              ]
                            },
                            {
                              "type": "alternatives",
                              "children": [
                                {
                                  "type": "item",
                                  "name": "egg",
                                  "functions": [
                                    {
                                      "function": "set_custom_data",
                                      "tag": "{\"interaction_shape\":[[3.0d,0.0d,3.0d,13.0d,16.0d,13.0d],[3.0d,3.0d,0.0d,13.0d,13.0d,16.0d],[13.0d,3.0d,3.0d,16.0d,13.0d,13.0d]],\"collision_shape\":[[3.0d,0.0d,3.0d,13.0d,16.0d,13.0d],[3.0d,3.0d,0.0d,13.0d,13.0d,16.0d],[13.0d,3.0d,3.0d,16.0d,13.0d,13.0d]]}"
                                    }
                                  ],
                                  "conditions": [
                                    {
                                      "condition": "location_check",
                                      "predicate": {
                                        "block": {
                                          "state": {
                                            "south": "true"
                                          }
                                        }
                                      }
                                    }
                                  ]
                                },
                                {
                                  "type": "item",
                                  "name": "egg",
                                  "functions": [
                                    {
                                      "function": "set_custom_data",
                                      "tag": "{\"interaction_shape\":[[3.0d,0.0d,3.0d,13.0d,16.0d,13.0d],[3.0d,3.0d,0.0d,13.0d,13.0d,13.0d],[13.0d,3.0d,3.0d,16.0d,13.0d,13.0d]],\"collision_shape\":[[3.0d,0.0d,3.0d,13.0d,16.0d,13.0d],[3.0d,3.0d,0.0d,13.0d,13.0d,13.0d],[13.0d,3.0d,3.0d,16.0d,13.0d,13.0d]]}"
                                    }
                                  ]
                                }
                              ]
                            }
                          ],
                          "conditions": [
                            {
                              "condition": "location_check",
                              "predicate": {
                                "block": {
                                  "state": {
                                    "north": "true"
                                  }
                                }
                              }
                            }
                          ]
                        },
                        {
                          "type": "alternatives",
                          "children": [
                            {
                              "type": "alternatives",
                              "children": [
                                {
                                  "type": "item",
                                  "name": "egg",
                                  "functions": [
                                    {
                                      "function": "set_custom_data",
                                      "tag": "{\"collision_shape\":[[0.0d,3.0d,3.0d,16.0d,13.0d,13.0d],[3.0d,0.0d,3.0d,13.0d,16.0d,13.0d],[3.0d,3.0d,13.0d,13.0d,13.0d,16.0d]],\"interaction_shape\":[[0.0d,3.0d,3.0d,16.0d,13.0d,13.0d],[3.0d,0.0d,3.0d,13.0d,16.0d,13.0d],[3.0d,3.0d,13.0d,13.0d,13.0d,16.0d]]}"
                                    }
                                  ],
                                  "conditions": [
                                    {
                                      "condition": "location_check",
                                      "predicate": {
                                        "block": {
                                          "state": {
                                            "south": "true"
                                          }
                                        }
                                      }
                                    }
                                  ]
                                },
                                {
                                  "type": "item",
                                  "name": "egg",
                                  "functions": [
                                    {
                                      "function": "set_custom_data",
                                      "tag": "{\"interaction_shape\":[[0.0d,3.0d,3.0d,16.0d,13.0d,13.0d],[3.0d,0.0d,3.0d,13.0d,16.0d,13.0d]],\"collision_shape\":[[0.0d,3.0d,3.0d,16.0d,13.0d,13.0d],[3.0d,0.0d,3.0d,13.0d,16.0d,13.0d]]}"
                                    }
                                  ]
                                }
                              ],
                              "conditions": [
                                {
                                  "condition": "location_check",
                                  "predicate": {
                                    "block": {
                                      "state": {
                                        "west": "true"
                                      }
                                    }
                                  }
                                }
                              ]
                            },
                            {
                              "type": "alternatives",
                              "children": [
                                {
                                  "type": "item",
                                  "name": "egg",
                                  "functions": [
                                    {
                                      "function": "set_custom_data",
                                      "tag": "{\"interaction_shape\":[[3.0d,0.0d,3.0d,13.0d,16.0d,13.0d],[3.0d,3.0d,13.0d,13.0d,13.0d,16.0d],[13.0d,3.0d,3.0d,16.0d,13.0d,13.0d]],\"collision_shape\":[[3.0d,0.0d,3.0d,13.0d,16.0d,13.0d],[3.0d,3.0d,13.0d,13.0d,13.0d,16.0d],[13.0d,3.0d,3.0d,16.0d,13.0d,13.0d]]}"
                                    }
                                  ],
                                  "conditions": [
                                    {
                                      "condition": "location_check",
                                      "predicate": {
                                        "block": {
                                          "state": {
                                            "south": "true"
                                          }
                                        }
                                      }
                                    }
                                  ]
                                },
                                {
                                  "type": "item",
                                  "name": "egg",
                                  "functions": [
                                    {
                                      "function": "set_custom_data",
                                      "tag": "{\"interaction_shape\":[[3.0d,0.0d,3.0d,13.0d,16.0d,13.0d],[13.0d,3.0d,3.0d,16.0d,13.0d,13.0d]],\"collision_shape\":[[3.0d,0.0d,3.0d,13.0d,16.0d,13.0d],[13.0d,3.0d,3.0d,16.0d,13.0d,13.0d]]}"
                                    }
                                  ]
                                }
                              ]
                            }
                          ]
                        }
                      ],
                      "conditions": [
                        {
                          "condition": "location_check",
                          "predicate": {
                            "block": {
                              "state": {
                                "down": "true"
                              }
                            }
                          }
                        }
                      ]
                    },
                    {
                      "type": "alternatives",
                      "children": [
                        {
                          "type": "alternatives",
                          "children": [
                            {
                              "type": "alternatives",
                              "children": [
                                {
                                  "type": "item",
                                  "name": "egg",
                                  "functions": [
                                    {
                                      "function": "set_custom_data",
                                      "tag": "{\"interaction_shape\":[[0.0d,3.0d,3.0d,16.0d,13.0d,13.0d],[3.0d,3.0d,0.0d,13.0d,13.0d,16.0d],[3.0d,13.0d,3.0d,13.0d,16.0d,13.0d]],\"collision_shape\":[[0.0d,3.0d,3.0d,16.0d,13.0d,13.0d],[3.0d,3.0d,0.0d,13.0d,13.0d,16.0d],[3.0d,13.0d,3.0d,13.0d,16.0d,13.0d]]}"
                                    }
                                  ],
                                  "conditions": [
                                    {
                                      "condition": "location_check",
                                      "predicate": {
                                        "block": {
                                          "state": {
                                            "south": "true"
                                          }
                                        }
                                      }
                                    }
                                  ]
                                },
                                {
                                  "type": "item",
                                  "name": "egg",
                                  "functions": [
                                    {
                                      "function": "set_custom_data",
                                      "tag": "{\"interaction_shape\":[[0.0d,3.0d,3.0d,16.0d,13.0d,13.0d],[3.0d,3.0d,0.0d,13.0d,13.0d,13.0d],[3.0d,13.0d,3.0d,13.0d,16.0d,13.0d]],\"collision_shape\":[[0.0d,3.0d,3.0d,16.0d,13.0d,13.0d],[3.0d,3.0d,0.0d,13.0d,13.0d,13.0d],[3.0d,13.0d,3.0d,13.0d,16.0d,13.0d]]}"
                                    }
                                  ]
                                }
                              ],
                              "conditions": [
                                {
                                  "condition": "location_check",
                                  "predicate": {
                                    "block": {
                                      "state": {
                                        "west": "true"
                                      }
                                    }
                                  }
                                }
                              ]
                            },
                            {
                              "type": "alternatives",
                              "children": [
                                {
                                  "type": "item",
                                  "name": "egg",
                                  "functions": [
                                    {
                                      "function": "set_custom_data",
                                      "tag": "{\"interaction_shape\":[[3.0d,3.0d,0.0d,13.0d,13.0d,16.0d],[3.0d,13.0d,3.0d,13.0d,16.0d,13.0d],[13.0d,3.0d,3.0d,16.0d,13.0d,13.0d]],\"collision_shape\":[[3.0d,3.0d,0.0d,13.0d,13.0d,16.0d],[3.0d,13.0d,3.0d,13.0d,16.0d,13.0d],[13.0d,3.0d,3.0d,16.0d,13.0d,13.0d]]}"
                                    }
                                  ],
                                  "conditions": [
                                    {
                                      "condition": "location_check",
                                      "predicate": {
                                        "block": {
                                          "state": {
                                            "south": "true"
                                          }
                                        }
                                      }
                                    }
                                  ]
                                },
                                {
                                  "type": "item",
                                  "name": "egg",
                                  "functions": [
                                    {
                                      "function": "set_custom_data",
                                      "tag": "{\"interaction_shape\":[[3.0d,3.0d,0.0d,13.0d,13.0d,13.0d],[3.0d,13.0d,3.0d,13.0d,16.0d,13.0d],[13.0d,3.0d,3.0d,16.0d,13.0d,13.0d]],\"collision_shape\":[[3.0d,3.0d,0.0d,13.0d,13.0d,13.0d],[3.0d,13.0d,3.0d,13.0d,16.0d,13.0d],[13.0d,3.0d,3.0d,16.0d,13.0d,13.0d]]}"
                                    }
                                  ]
                                }
                              ]
                            }
                          ],
                          "conditions": [
                            {
                              "condition": "location_check",
                              "predicate": {
                                "block": {
                                  "state": {
                                    "north": "true"
                                  }
                                }
                              }
                            }
                          ]
                        },
                        {
                          "type": "alternatives",
                          "children": [
                            {
                              "type": "alternatives",
                              "children": [
                                {
                                  "type": "item",
                                  "name": "egg",
                                  "functions": [
                                    {
                                      "function": "set_custom_data",
                                      "tag": "{\"interaction_shape\":[[0.0d,3.0d,3.0d,16.0d,13.0d,13.0d],[3.0d,3.0d,13.0d,13.0d,13.0d,16.0d],[3.0d,13.0d,3.0d,13.0d,16.0d,13.0d]],\"collision_shape\":[[0.0d,3.0d,3.0d,16.0d,13.0d,13.0d],[3.0d,3.0d,13.0d,13.0d,13.0d,16.0d],[3.0d,13.0d,3.0d,13.0d,16.0d,13.0d]]}"
                                    }
                                  ],
                                  "conditions": [
                                    {
                                      "condition": "location_check",
                                      "predicate": {
                                        "block": {
                                          "state": {
                                            "south": "true"
                                          }
                                        }
                                      }
                                    }
                                  ]
                                },
                                {
                                  "type": "item",
                                  "name": "egg",
                                  "functions": [
                                    {
                                      "function": "set_custom_data",
                                      "tag": "{\"interaction_shape\":[[0.0d,3.0d,3.0d,16.0d,13.0d,13.0d],[3.0d,13.0d,3.0d,13.0d,16.0d,13.0d]],\"collision_shape\":[[0.0d,3.0d,3.0d,16.0d,13.0d,13.0d],[3.0d,13.0d,3.0d,13.0d,16.0d,13.0d]]}"
                                    }
                                  ]
                                }
                              ],
                              "conditions": [
                                {
                                  "condition": "location_check",
                                  "predicate": {
                                    "block": {
                                      "state": {
                                        "west": "true"
                                      }
                                    }
                                  }
                                }
                              ]
                            },
                            {
                              "type": "alternatives",
                              "children": [
                                {
                                  "type": "item",
                                  "name": "egg",
                                  "functions": [
                                    {
                                      "function": "set_custom_data",
                                      "tag": "{\"interaction_shape\":[[3.0d,3.0d,3.0d,13.0d,16.0d,13.0d],[3.0d,3.0d,13.0d,13.0d,13.0d,16.0d],[13.0d,3.0d,3.0d,16.0d,13.0d,13.0d]],\"collision_shape\":[[3.0d,3.0d,3.0d,13.0d,16.0d,13.0d],[3.0d,3.0d,13.0d,13.0d,13.0d,16.0d],[13.0d,3.0d,3.0d,16.0d,13.0d,13.0d]]}"
                                    }
                                  ],
                                  "conditions": [
                                    {
                                      "condition": "location_check",
                                      "predicate": {
                                        "block": {
                                          "state": {
                                            "south": "true"
                                          }
                                        }
                                      }
                                    }
                                  ]
                                },
                                {
                                  "type": "item",
                                  "name": "egg",
                                  "functions": [
                                    {
                                      "function": "set_custom_data",
                                      "tag": "{\"interaction_shape\":[[3.0d,3.0d,3.0d,13.0d,16.0d,13.0d],[13.0d,3.0d,3.0d,16.0d,13.0d,13.0d]],\"collision_shape\":[[3.0d,3.0d,3.0d,13.0d,16.0d,13.0d],[13.0d,3.0d,3.0d,16.0d,13.0d,13.0d]]}"
                                    }
                                  ]
                                }
                              ]
                            }
                          ]
                        }
                      ]
                    }
                  ],
                  "conditions": [
                    {
                      "condition": "location_check",
                      "predicate": {
                        "block": {
                          "state": {
                            "up": "true"
                          }
                        }
                      }
                    }
                  ]
                },
                {
                  "type": "alternatives",
                  "children": [
                    {
                      "type": "alternatives",
                      "children": [
                        {
                          "type": "alternatives",
                          "children": [
                            {
                              "type": "alternatives",
                              "children": [
                                {
                                  "type": "item",
                                  "name": "egg",
                                  "functions": [
                                    {
                                      "function": "set_custom_data",
                                      "tag": "{\"interaction_shape\":[[0.0d,3.0d,3.0d,16.0d,13.0d,13.0d],[3.0d,0.0d,3.0d,13.0d,13.0d,13.0d],[3.0d,3.0d,0.0d,13.0d,13.0d,16.0d]],\"collision_shape\":[[0.0d,3.0d,3.0d,16.0d,13.0d,13.0d],[3.0d,0.0d,3.0d,13.0d,13.0d,13.0d],[3.0d,3.0d,0.0d,13.0d,13.0d,16.0d]]}"
                                    }
                                  ],
                                  "conditions": [
                                    {
                                      "condition": "location_check",
                                      "predicate": {
                                        "block": {
                                          "state": {
                                            "south": "true"
                                          }
                                        }
                                      }
                                    }
                                  ]
                                },
                                {
                                  "type": "item",
                                  "name": "egg",
                                  "functions": [
                                    {
                                      "function": "set_custom_data",
                                      "tag": "{\"collision_shape\":[[0.0d,3.0d,3.0d,16.0d,13.0d,13.0d],[3.0d,0.0d,3.0d,13.0d,13.0d,13.0d],[3.0d,3.0d,0.0d,13.0d,13.0d,13.0d]],\"interaction_shape\":[[0.0d,3.0d,3.0d,16.0d,13.0d,13.0d],[3.0d,0.0d,3.0d,13.0d,13.0d,13.0d],[3.0d,3.0d,0.0d,13.0d,13.0d,13.0d]]}"
                                    }
                                  ]
                                }
                              ],
                              "conditions": [
                                {
                                  "condition": "location_check",
                                  "predicate": {
                                    "block": {
                                      "state": {
                                        "west": "true"
                                      }
                                    }
                                  }
                                }
                              ]
                            },
                            {
                              "type": "alternatives",
                              "children": [
                                {
                                  "type": "item",
                                  "name": "egg",
                                  "functions": [
                                    {
                                      "function": "set_custom_data",
                                      "tag": "{\"collision_shape\":[[3.0d,0.0d,3.0d,13.0d,13.0d,13.0d],[3.0d,3.0d,0.0d,13.0d,13.0d,16.0d],[13.0d,3.0d,3.0d,16.0d,13.0d,13.0d]],\"interaction_shape\":[[3.0d,0.0d,3.0d,13.0d,13.0d,13.0d],[3.0d,3.0d,0.0d,13.0d,13.0d,16.0d],[13.0d,3.0d,3.0d,16.0d,13.0d,13.0d]]}"
                                    }
                                  ],
                                  "conditions": [
                                    {
                                      "condition": "location_check",
                                      "predicate": {
                                        "block": {
                                          "state": {
                                            "south": "true"
                                          }
                                        }
                                      }
                                    }
                                  ]
                                },
                                {
                                  "type": "item",
                                  "name": "egg",
                                  "functions": [
                                    {
                                      "function": "set_custom_data",
                                      "tag": "{\"interaction_shape\":[[3.0d,0.0d,3.0d,13.0d,13.0d,13.0d],[3.0d,3.0d,0.0d,13.0d,13.0d,13.0d],[13.0d,3.0d,3.0d,16.0d,13.0d,13.0d]],\"collision_shape\":[[3.0d,0.0d,3.0d,13.0d,13.0d,13.0d],[3.0d,3.0d,0.0d,13.0d,13.0d,13.0d],[13.0d,3.0d,3.0d,16.0d,13.0d,13.0d]]}"
                                    }
                                  ]
                                }
                              ]
                            }
                          ],
                          "conditions": [
                            {
                              "condition": "location_check",
                              "predicate": {
                                "block": {
                                  "state": {
                                    "north": "true"
                                  }
                                }
                              }
                            }
                          ]
                        },
                        {
                          "type": "alternatives",
                          "children": [
                            {
                              "type": "alternatives",
                              "children": [
                                {
                                  "type": "item",
                                  "name": "egg",
                                  "functions": [
                                    {
                                      "function": "set_custom_data",
                                      "tag": "{\"interaction_shape\":[[0.0d,3.0d,3.0d,16.0d,13.0d,13.0d],[3.0d,0.0d,3.0d,13.0d,13.0d,13.0d],[3.0d,3.0d,13.0d,13.0d,13.0d,16.0d]],\"collision_shape\":[[0.0d,3.0d,3.0d,16.0d,13.0d,13.0d],[3.0d,0.0d,3.0d,13.0d,13.0d,13.0d],[3.0d,3.0d,13.0d,13.0d,13.0d,16.0d]]}"
                                    }
                                  ],
                                  "conditions": [
                                    {
                                      "condition": "location_check",
                                      "predicate": {
                                        "block": {
                                          "state": {
                                            "south": "true"
                                          }
                                        }
                                      }
                                    }
                                  ]
                                },
                                {
                                  "type": "item",
                                  "name": "egg",
                                  "functions": [
                                    {
                                      "function": "set_custom_data",
                                      "tag": "{\"interaction_shape\":[[0.0d,3.0d,3.0d,16.0d,13.0d,13.0d],[3.0d,0.0d,3.0d,13.0d,13.0d,13.0d]],\"collision_shape\":[[0.0d,3.0d,3.0d,16.0d,13.0d,13.0d],[3.0d,0.0d,3.0d,13.0d,13.0d,13.0d]]}"
                                    }
                                  ]
                                }
                              ],
                              "conditions": [
                                {
                                  "condition": "location_check",
                                  "predicate": {
                                    "block": {
                                      "state": {
                                        "west": "true"
                                      }
                                    }
                                  }
                                }
                              ]
                            },
                            {
                              "type": "alternatives",
                              "children": [
                                {
                                  "type": "item",
                                  "name": "egg",
                                  "functions": [
                                    {
                                      "function": "set_custom_data",
                                      "tag": "{\"interaction_shape\":[[3.0d,0.0d,3.0d,13.0d,13.0d,13.0d],[3.0d,3.0d,13.0d,13.0d,13.0d,16.0d],[13.0d,3.0d,3.0d,16.0d,13.0d,13.0d]],\"collision_shape\":[[3.0d,0.0d,3.0d,13.0d,13.0d,13.0d],[3.0d,3.0d,13.0d,13.0d,13.0d,16.0d],[13.0d,3.0d,3.0d,16.0d,13.0d,13.0d]]}"
                                    }
                                  ],
                                  "conditions": [
                                    {
                                      "condition": "location_check",
                                      "predicate": {
                                        "block": {
                                          "state": {
                                            "south": "true"
                                          }
                                        }
                                      }
                                    }
                                  ]
                                },
                                {
                                  "type": "item",
                                  "name": "egg",
                                  "functions": [
                                    {
                                      "function": "set_custom_data",
                                      "tag": "{\"interaction_shape\":[[3.0d,0.0d,3.0d,13.0d,13.0d,13.0d],[13.0d,3.0d,3.0d,16.0d,13.0d,13.0d]],\"collision_shape\":[[3.0d,0.0d,3.0d,13.0d,13.0d,13.0d],[13.0d,3.0d,3.0d,16.0d,13.0d,13.0d]]}"
                                    }
                                  ]
                                }
                              ]
                            }
                          ]
                        }
                      ],
                      "conditions": [
                        {
                          "condition": "location_check",
                          "predicate": {
                            "block": {
                              "state": {
                                "down": "true"
                              }
                            }
                          }
                        }
                      ]
                    },
                    {
                      "type": "alternatives",
                      "children": [
                        {
                          "type": "alternatives",
                          "children": [
                            {
                              "type": "alternatives",
                              "children": [
                                {
                                  "type": "item",
                                  "name": "egg",
                                  "functions": [
                                    {
                                      "function": "set_custom_data",
                                      "tag": "{\"interaction_shape\":[[0.0d,3.0d,3.0d,16.0d,13.0d,13.0d],[3.0d,3.0d,0.0d,13.0d,13.0d,16.0d]],\"collision_shape\":[[0.0d,3.0d,3.0d,16.0d,13.0d,13.0d],[3.0d,3.0d,0.0d,13.0d,13.0d,16.0d]]}"
                                    }
                                  ],
                                  "conditions": [
                                    {
                                      "condition": "location_check",
                                      "predicate": {
                                        "block": {
                                          "state": {
                                            "south": "true"
                                          }
                                        }
                                      }
                                    }
                                  ]
                                },
                                {
                                  "type": "item",
                                  "name": "egg",
                                  "functions": [
                                    {
                                      "function": "set_custom_data",
                                      "tag": "{\"interaction_shape\":[[0.0d,3.0d,3.0d,16.0d,13.0d,13.0d],[3.0d,3.0d,0.0d,13.0d,13.0d,13.0d]],\"collision_shape\":[[0.0d,3.0d,3.0d,16.0d,13.0d,13.0d],[3.0d,3.0d,0.0d,13.0d,13.0d,13.0d]]}"
                                    }
                                  ]
                                }
                              ],
                              "conditions": [
                                {
                                  "condition": "location_check",
                                  "predicate": {
                                    "block": {
                                      "state": {
                                        "west": "true"
                                      }
                                    }
                                  }
                                }
                              ]
                            },
                            {
                              "type": "alternatives",
                              "children": [
                                {
                                  "type": "item",
                                  "name": "egg",
                                  "functions": [
                                    {
                                      "function": "set_custom_data",
                                      "tag": "{\"interaction_shape\":[[3.0d,3.0d,0.0d,13.0d,13.0d,16.0d],[13.0d,3.0d,3.0d,16.0d,13.0d,13.0d]],\"collision_shape\":[[3.0d,3.0d,0.0d,13.0d,13.0d,16.0d],[13.0d,3.0d,3.0d,16.0d,13.0d,13.0d]]}"
                                    }
                                  ],
                                  "conditions": [
                                    {
                                      "condition": "location_check",
                                      "predicate": {
                                        "block": {
                                          "state": {
                                            "south": "true"
                                          }
                                        }
                                      }
                                    }
                                  ]
                                },
                                {
                                  "type": "item",
                                  "name": "egg",
                                  "functions": [
                                    {
                                      "function": "set_custom_data",
                                      "tag": "{\"interaction_shape\":[[3.0d,3.0d,0.0d,13.0d,13.0d,13.0d],[13.0d,3.0d,3.0d,16.0d,13.0d,13.0d]],\"collision_shape\":[[3.0d,3.0d,0.0d,13.0d,13.0d,13.0d],[13.0d,3.0d,3.0d,16.0d,13.0d,13.0d]]}"
                                    }
                                  ]
                                }
                              ]
                            }
                          ],
                          "conditions": [
                            {
                              "condition": "location_check",
                              "predicate": {
                                "block": {
                                  "state": {
                                    "north": "true"
                                  }
                                }
                              }
                            }
                          ]
                        },
                        {
                          "type": "alternatives",
                          "children": [
                            {
                              "type": "alternatives",
                              "children": [
                                {
                                  "type": "item",
                                  "name": "egg",
                                  "functions": [
                                    {
                                      "function": "set_custom_data",
                                      "tag": "{\"interaction_shape\":[[0.0d,3.0d,3.0d,16.0d,13.0d,13.0d],[3.0d,3.0d,13.0d,13.0d,13.0d,16.0d]],\"collision_shape\":[[0.0d,3.0d,3.0d,16.0d,13.0d,13.0d],[3.0d,3.0d,13.0d,13.0d,13.0d,16.0d]]}"
                                    }
                                  ],
                                  "conditions": [
                                    {
                                      "condition": "location_check",
                                      "predicate": {
                                        "block": {
                                          "state": {
                                            "south": "true"
                                          }
                                        }
                                      }
                                    }
                                  ]
                                },
                                {
                                  "type": "item",
                                  "name": "egg",
                                  "functions": [
                                    {
                                      "function": "set_custom_data",
                                      "tag": "{\"interaction_shape\":[[0.0d,3.0d,3.0d,16.0d,13.0d,13.0d]],\"collision_shape\":[[0.0d,3.0d,3.0d,16.0d,13.0d,13.0d]]}"
                                    }
                                  ]
                                }
                              ],
                              "conditions": [
                                {
                                  "condition": "location_check",
                                  "predicate": {
                                    "block": {
                                      "state": {
                                        "west": "true"
                                      }
                                    }
                                  }
                                }
                              ]
                            },
                            {
                              "type": "alternatives",
                              "children": [
                                {
                                  "type": "item",
                                  "name": "egg",
                                  "functions": [
                                    {
                                      "function": "set_custom_data",
                                      "tag": "{\"collision_shape\":[[3.0d,3.0d,3.0d,16.0d,13.0d,13.0d],[3.0d,3.0d,13.0d,13.0d,13.0d,16.0d]],\"interaction_shape\":[[3.0d,3.0d,3.0d,16.0d,13.0d,13.0d],[3.0d,3.0d,13.0d,13.0d,13.0d,16.0d]]}"
                                    }
                                  ],
                                  "conditions": [
                                    {
                                      "condition": "location_check",
                                      "predicate": {
                                        "block": {
                                          "state": {
                                            "south": "true"
                                          }
                                        }
                                      }
                                    }
                                  ]
                                },
                                {
                                  "type": "item",
                                  "name": "egg",
                                  "functions": [
                                    {
                                      "function": "set_custom_data",
                                      "tag": "{\"interaction_shape\":[[3.0d,3.0d,3.0d,16.0d,13.0d,13.0d]],\"collision_shape\":[[3.0d,3.0d,3.0d,16.0d,13.0d,13.0d]]}"
                                    }
                                  ]
                                }
                              ]
                            }
                          ]
                        }
                      ]
                    }
                  ]
                }
              ],
              "conditions": [
                {
                  "condition": "location_check",
                  "predicate": {
                    "block": {
                      "state": {
                        "east": "true"
                      }
                    }
                  }
                }
              ]
            },
            {
              "type": "alternatives",
              "children": [
                {
                  "type": "alternatives",
                  "children": [
                    {
                      "type": "alternatives",
                      "children": [
                        {
                          "type": "alternatives",
                          "children": [
                            {
                              "type": "alternatives",
                              "children": [
                                {
                                  "type": "item",
                                  "name": "egg",
                                  "functions": [
                                    {
                                      "function": "set_custom_data",
                                      "tag": "{\"interaction_shape\":[[0.0d,3.0d,3.0d,13.0d,13.0d,13.0d],[3.0d,0.0d,3.0d,13.0d,16.0d,13.0d],[3.0d,3.0d,0.0d,13.0d,13.0d,16.0d]],\"collision_shape\":[[0.0d,3.0d,3.0d,13.0d,13.0d,13.0d],[3.0d,0.0d,3.0d,13.0d,16.0d,13.0d],[3.0d,3.0d,0.0d,13.0d,13.0d,16.0d]]}"
                                    }
                                  ],
                                  "conditions": [
                                    {
                                      "condition": "location_check",
                                      "predicate": {
                                        "block": {
                                          "state": {
                                            "south": "true"
                                          }
                                        }
                                      }
                                    }
                                  ]
                                },
                                {
                                  "type": "item",
                                  "name": "egg",
                                  "functions": [
                                    {
                                      "function": "set_custom_data",
                                      "tag": "{\"interaction_shape\":[[0.0d,3.0d,3.0d,13.0d,13.0d,13.0d],[3.0d,0.0d,3.0d,13.0d,16.0d,13.0d],[3.0d,3.0d,0.0d,13.0d,13.0d,13.0d]],\"collision_shape\":[[0.0d,3.0d,3.0d,13.0d,13.0d,13.0d],[3.0d,0.0d,3.0d,13.0d,16.0d,13.0d],[3.0d,3.0d,0.0d,13.0d,13.0d,13.0d]]}"
                                    }
                                  ]
                                }
                              ],
                              "conditions": [
                                {
                                  "condition": "location_check",
                                  "predicate": {
                                    "block": {
                                      "state": {
                                        "west": "true"
                                      }
                                    }
                                  }
                                }
                              ]
                            },
                            {
                              "type": "alternatives",
                              "children": [
                                {
                                  "type": "item",
                                  "name": "egg",
                                  "functions": [
                                    {
                                      "function": "set_custom_data",
                                      "tag": "{\"interaction_shape\":[[3.0d,0.0d,3.0d,13.0d,16.0d,13.0d],[3.0d,3.0d,0.0d,13.0d,13.0d,16.0d]],\"collision_shape\":[[3.0d,0.0d,3.0d,13.0d,16.0d,13.0d],[3.0d,3.0d,0.0d,13.0d,13.0d,16.0d]]}"
                                    }
                                  ],
                                  "conditions": [
                                    {
                                      "condition": "location_check",
                                      "predicate": {
                                        "block": {
                                          "state": {
                                            "south": "true"
                                          }
                                        }
                                      }
                                    }
                                  ]
                                },
                                {
                                  "type": "item",
                                  "name": "egg",
                                  "functions": [
                                    {
                                      "function": "set_custom_data",
                                      "tag": "{\"interaction_shape\":[[3.0d,0.0d,3.0d,13.0d,16.0d,13.0d],[3.0d,3.0d,0.0d,13.0d,13.0d,13.0d]],\"collision_shape\":[[3.0d,0.0d,3.0d,13.0d,16.0d,13.0d],[3.0d,3.0d,0.0d,13.0d,13.0d,13.0d]]}"
                                    }
                                  ]
                                }
                              ]
                            }
                          ],
                          "conditions": [
                            {
                              "condition": "location_check",
                              "predicate": {
                                "block": {
                                  "state": {
                                    "north": "true"
                                  }
                                }
                              }
                            }
                          ]
                        },
                        {
                          "type": "alternatives",
                          "children": [
                            {
                              "type": "alternatives",
                              "children": [
                                {
                                  "type": "item",
                                  "name": "egg",
                                  "functions": [
                                    {
                                      "function": "set_custom_data",
                                      "tag": "{\"interaction_shape\":[[0.0d,3.0d,3.0d,13.0d,13.0d,13.0d],[3.0d,0.0d,3.0d,13.0d,16.0d,13.0d],[3.0d,3.0d,13.0d,13.0d,13.0d,16.0d]],\"collision_shape\":[[0.0d,3.0d,3.0d,13.0d,13.0d,13.0d],[3.0d,0.0d,3.0d,13.0d,16.0d,13.0d],[3.0d,3.0d,13.0d,13.0d,13.0d,16.0d]]}"
                                    }
                                  ],
                                  "conditions": [
                                    {
                                      "condition": "location_check",
                                      "predicate": {
                                        "block": {
                                          "state": {
                                            "south": "true"
                                          }
                                        }
                                      }
                                    }
                                  ]
                                },
                                {
                                  "type": "item",
                                  "name": "egg",
                                  "functions": [
                                    {
                                      "function": "set_custom_data",
                                      "tag": "{\"interaction_shape\":[[0.0d,3.0d,3.0d,13.0d,13.0d,13.0d],[3.0d,0.0d,3.0d,13.0d,16.0d,13.0d]],\"collision_shape\":[[0.0d,3.0d,3.0d,13.0d,13.0d,13.0d],[3.0d,0.0d,3.0d,13.0d,16.0d,13.0d]]}"
                                    }
                                  ]
                                }
                              ],
                              "conditions": [
                                {
                                  "condition": "location_check",
                                  "predicate": {
                                    "block": {
                                      "state": {
                                        "west": "true"
                                      }
                                    }
                                  }
                                }
                              ]
                            },
                            {
                              "type": "alternatives",
                              "children": [
                                {
                                  "type": "item",
                                  "name": "egg",
                                  "functions": [
                                    {
                                      "function": "set_custom_data",
                                      "tag": "{\"interaction_shape\":[[3.0d,0.0d,3.0d,13.0d,16.0d,13.0d],[3.0d,3.0d,13.0d,13.0d,13.0d,16.0d]],\"collision_shape\":[[3.0d,0.0d,3.0d,13.0d,16.0d,13.0d],[3.0d,3.0d,13.0d,13.0d,13.0d,16.0d]]}"
                                    }
                                  ],
                                  "conditions": [
                                    {
                                      "condition": "location_check",
                                      "predicate": {
                                        "block": {
                                          "state": {
                                            "south": "true"
                                          }
                                        }
                                      }
                                    }
                                  ]
                                },
                                {
                                  "type": "item",
                                  "name": "egg",
                                  "functions": [
                                    {
                                      "function": "set_custom_data",
                                      "tag": "{\"interaction_shape\":[[3.0d,0.0d,3.0d,13.0d,16.0d,13.0d]],\"collision_shape\":[[3.0d,0.0d,3.0d,13.0d,16.0d,13.0d]]}"
                                    }
                                  ]
                                }
                              ]
                            }
                          ]
                        }
                      ],
                      "conditions": [
                        {
                          "condition": "location_check",
                          "predicate": {
                            "block": {
                              "state": {
                                "down": "true"
                              }
                            }
                          }
                        }
                      ]
                    },
                    {
                      "type": "alternatives",
                      "children": [
                        {
                          "type": "alternatives",
                          "children": [
                            {
                              "type": "alternatives",
                              "children": [
                                {
                                  "type": "item",
                                  "name": "egg",
                                  "functions": [
                                    {
                                      "function": "set_custom_data",
                                      "tag": "{\"collision_shape\":[[0.0d,3.0d,3.0d,13.0d,13.0d,13.0d],[3.0d,3.0d,0.0d,13.0d,13.0d,16.0d],[3.0d,13.0d,3.0d,13.0d,16.0d,13.0d]],\"interaction_shape\":[[0.0d,3.0d,3.0d,13.0d,13.0d,13.0d],[3.0d,3.0d,0.0d,13.0d,13.0d,16.0d],[3.0d,13.0d,3.0d,13.0d,16.0d,13.0d]]}"
                                    }
                                  ],
                                  "conditions": [
                                    {
                                      "condition": "location_check",
                                      "predicate": {
                                        "block": {
                                          "state": {
                                            "south": "true"
                                          }
                                        }
                                      }
                                    }
                                  ]
                                },
                                {
                                  "type": "item",
                                  "name": "egg",
                                  "functions": [
                                    {
                                      "function": "set_custom_data",
                                      "tag": "{\"interaction_shape\":[[0.0d,3.0d,3.0d,13.0d,13.0d,13.0d],[3.0d,3.0d,0.0d,13.0d,13.0d,13.0d],[3.0d,13.0d,3.0d,13.0d,16.0d,13.0d]],\"collision_shape\":[[0.0d,3.0d,3.0d,13.0d,13.0d,13.0d],[3.0d,3.0d,0.0d,13.0d,13.0d,13.0d],[3.0d,13.0d,3.0d,13.0d,16.0d,13.0d]]}"
                                    }
                                  ]
                                }
                              ],
                              "conditions": [
                                {
                                  "condition": "location_check",
                                  "predicate": {
                                    "block": {
                                      "state": {
                                        "west": "true"
                                      }
                                    }
                                  }
                                }
                              ]
                            },
                            {
                              "type": "alternatives",
                              "children": [
                                {
                                  "type": "item",
                                  "name": "egg",
                                  "functions": [
                                    {
                                      "function": "set_custom_data",
                                      "tag": "{\"interaction_shape\":[[3.0d,3.0d,0.0d,13.0d,13.0d,16.0d],[3.0d,13.0d,3.0d,13.0d,16.0d,13.0d]],\"collision_shape\":[[3.0d,3.0d,0.0d,13.0d,13.0d,16.0d],[3.0d,13.0d,3.0d,13.0d,16.0d,13.0d]]}"
                                    }
                                  ],
                                  "conditions": [
                                    {
                                      "condition": "location_check",
                                      "predicate": {
                                        "block": {
                                          "state": {
                                            "south": "true"
                                          }
                                        }
                                      }
                                    }
                                  ]
                                },
                                {
                                  "type": "item",
                                  "name": "egg",
                                  "functions": [
                                    {
                                      "function": "set_custom_data",
                                      "tag": "{\"interaction_shape\":[[3.0d,3.0d,0.0d,13.0d,13.0d,13.0d],[3.0d,13.0d,3.0d,13.0d,16.0d,13.0d]],\"collision_shape\":[[3.0d,3.0d,0.0d,13.0d,13.0d,13.0d],[3.0d,13.0d,3.0d,13.0d,16.0d,13.0d]]}"
                                    }
                                  ]
                                }
                              ]
                            }
                          ],
                          "conditions": [
                            {
                              "condition": "location_check",
                              "predicate": {
                                "block": {
                                  "state": {
                                    "north": "true"
                                  }
                                }
                              }
                            }
                          ]
                        },
                        {
                          "type": "alternatives",
                          "children": [
                            {
                              "type": "alternatives",
                              "children": [
                                {
                                  "type": "item",
                                  "name": "egg",
                                  "functions": [
                                    {
                                      "function": "set_custom_data",
                                      "tag": "{\"interaction_shape\":[[0.0d,3.0d,3.0d,13.0d,13.0d,13.0d],[3.0d,3.0d,13.0d,13.0d,13.0d,16.0d],[3.0d,13.0d,3.0d,13.0d,16.0d,13.0d]],\"collision_shape\":[[0.0d,3.0d,3.0d,13.0d,13.0d,13.0d],[3.0d,3.0d,13.0d,13.0d,13.0d,16.0d],[3.0d,13.0d,3.0d,13.0d,16.0d,13.0d]]}"
                                    }
                                  ],
                                  "conditions": [
                                    {
                                      "condition": "location_check",
                                      "predicate": {
                                        "block": {
                                          "state": {
                                            "south": "true"
                                          }
                                        }
                                      }
                                    }
                                  ]
                                },
                                {
                                  "type": "item",
                                  "name": "egg",
                                  "functions": [
                                    {
                                      "function": "set_custom_data",
                                      "tag": "{\"interaction_shape\":[[0.0d,3.0d,3.0d,13.0d,13.0d,13.0d],[3.0d,13.0d,3.0d,13.0d,16.0d,13.0d]],\"collision_shape\":[[0.0d,3.0d,3.0d,13.0d,13.0d,13.0d],[3.0d,13.0d,3.0d,13.0d,16.0d,13.0d]]}"
                                    }
                                  ]
                                }
                              ],
                              "conditions": [
                                {
                                  "condition": "location_check",
                                  "predicate": {
                                    "block": {
                                      "state": {
                                        "west": "true"
                                      }
                                    }
                                  }
                                }
                              ]
                            },
                            {
                              "type": "alternatives",
                              "children": [
                                {
                                  "type": "item",
                                  "name": "egg",
                                  "functions": [
                                    {
                                      "function": "set_custom_data",
                                      "tag": "{\"interaction_shape\":[[3.0d,3.0d,3.0d,13.0d,16.0d,13.0d],[3.0d,3.0d,13.0d,13.0d,13.0d,16.0d]],\"collision_shape\":[[3.0d,3.0d,3.0d,13.0d,16.0d,13.0d],[3.0d,3.0d,13.0d,13.0d,13.0d,16.0d]]}"
                                    }
                                  ],
                                  "conditions": [
                                    {
                                      "condition": "location_check",
                                      "predicate": {
                                        "block": {
                                          "state": {
                                            "south": "true"
                                          }
                                        }
                                      }
                                    }
                                  ]
                                },
                                {
                                  "type": "item",
                                  "name": "egg",
                                  "functions": [
                                    {
                                      "function": "set_custom_data",
                                      "tag": "{\"interaction_shape\":[[3.0d,3.0d,3.0d,13.0d,16.0d,13.0d]],\"collision_shape\":[[3.0d,3.0d,3.0d,13.0d,16.0d,13.0d]]}"
                                    }
                                  ]
                                }
                              ]
                            }
                          ]
                        }
                      ]
                    }
                  ],
                  "conditions": [
                    {
                      "condition": "location_check",
                      "predicate": {
                        "block": {
                          "state": {
                            "up": "true"
                          }
                        }
                      }
                    }
                  ]
                },
                {
                  "type": "alternatives",
                  "children": [
                    {
                      "type": "alternatives",
                      "children": [
                        {
                          "type": "alternatives",
                          "children": [
                            {
                              "type": "alternatives",
                              "children": [
                                {
                                  "type": "item",
                                  "name": "egg",
                                  "functions": [
                                    {
                                      "function": "set_custom_data",
                                      "tag": "{\"interaction_shape\":[[0.0d,3.0d,3.0d,13.0d,13.0d,13.0d],[3.0d,0.0d,3.0d,13.0d,13.0d,13.0d],[3.0d,3.0d,0.0d,13.0d,13.0d,16.0d]],\"collision_shape\":[[0.0d,3.0d,3.0d,13.0d,13.0d,13.0d],[3.0d,0.0d,3.0d,13.0d,13.0d,13.0d],[3.0d,3.0d,0.0d,13.0d,13.0d,16.0d]]}"
                                    }
                                  ],
                                  "conditions": [
                                    {
                                      "condition": "location_check",
                                      "predicate": {
                                        "block": {
                                          "state": {
                                            "south": "true"
                                          }
                                        }
                                      }
                                    }
                                  ]
                                },
                                {
                                  "type": "item",
                                  "name": "egg",
                                  "functions": [
                                    {
                                      "function": "set_custom_data",
                                      "tag": "{\"interaction_shape\":[[0.0d,3.0d,3.0d,13.0d,13.0d,13.0d],[3.0d,0.0d,3.0d,13.0d,13.0d,13.0d],[3.0d,3.0d,0.0d,13.0d,13.0d,13.0d]],\"collision_shape\":[[0.0d,3.0d,3.0d,13.0d,13.0d,13.0d],[3.0d,0.0d,3.0d,13.0d,13.0d,13.0d],[3.0d,3.0d,0.0d,13.0d,13.0d,13.0d]]}"
                                    }
                                  ]
                                }
                              ],
                              "conditions": [
                                {
                                  "condition": "location_check",
                                  "predicate": {
                                    "block": {
                                      "state": {
                                        "west": "true"
                                      }
                                    }
                                  }
                                }
                              ]
                            },
                            {
                              "type": "alternatives",
                              "children": [
                                {
                                  "type": "item",
                                  "name": "egg",
                                  "functions": [
                                    {
                                      "function": "set_custom_data",
                                      "tag": "{\"interaction_shape\":[[3.0d,0.0d,3.0d,13.0d,13.0d,13.0d],[3.0d,3.0d,0.0d,13.0d,13.0d,16.0d]],\"collision_shape\":[[3.0d,0.0d,3.0d,13.0d,13.0d,13.0d],[3.0d,3.0d,0.0d,13.0d,13.0d,16.0d]]}"
                                    }
                                  ],
                                  "conditions": [
                                    {
                                      "condition": "location_check",
                                      "predicate": {
                                        "block": {
                                          "state": {
                                            "south": "true"
                                          }
                                        }
                                      }
                                    }
                                  ]
                                },
                                {
                                  "type": "item",
                                  "name": "egg",
                                  "functions": [
                                    {
                                      "function": "set_custom_data",
                                      "tag": "{\"interaction_shape\":[[3.0d,0.0d,3.0d,13.0d,13.0d,13.0d],[3.0d,3.0d,0.0d,13.0d,13.0d,13.0d]],\"collision_shape\":[[3.0d,0.0d,3.0d,13.0d,13.0d,13.0d],[3.0d,3.0d,0.0d,13.0d,13.0d,13.0d]]}"
                                    }
                                  ]
                                }
                              ]
                            }
                          ],
                          "conditions": [
                            {
                              "condition": "location_check",
                              "predicate": {
                                "block": {
                                  "state": {
                                    "north": "true"
                                  }
                                }
                              }
                            }
                          ]
                        },
                        {
                          "type": "alternatives",
                          "children": [
                            {
                              "type": "alternatives",
                              "children": [
                                {
                                  "type": "item",
                                  "name": "egg",
                                  "functions": [
                                    {
                                      "function": "set_custom_data",
                                      "tag": "{\"interaction_shape\":[[0.0d,3.0d,3.0d,13.0d,13.0d,13.0d],[3.0d,0.0d,3.0d,13.0d,13.0d,13.0d],[3.0d,3.0d,13.0d,13.0d,13.0d,16.0d]],\"collision_shape\":[[0.0d,3.0d,3.0d,13.0d,13.0d,13.0d],[3.0d,0.0d,3.0d,13.0d,13.0d,13.0d],[3.0d,3.0d,13.0d,13.0d,13.0d,16.0d]]}"
                                    }
                                  ],
                                  "conditions": [
                                    {
                                      "condition": "location_check",
                                      "predicate": {
                                        "block": {
                                          "state": {
                                            "south": "true"
                                          }
                                        }
                                      }
                                    }
                                  ]
                                },
                                {
                                  "type": "item",
                                  "name": "egg",
                                  "functions": [
                                    {
                                      "function": "set_custom_data",
                                      "tag": "{\"interaction_shape\":[[0.0d,3.0d,3.0d,13.0d,13.0d,13.0d],[3.0d,0.0d,3.0d,13.0d,13.0d,13.0d]],\"collision_shape\":[[0.0d,3.0d,3.0d,13.0d,13.0d,13.0d],[3.0d,0.0d,3.0d,13.0d,13.0d,13.0d]]}"
                                    }
                                  ]
                                }
                              ],
                              "conditions": [
                                {
                                  "condition": "location_check",
                                  "predicate": {
                                    "block": {
                                      "state": {
                                        "west": "true"
                                      }
                                    }
                                  }
                                }
                              ]
                            },
                            {
                              "type": "alternatives",
                              "children": [
                                {
                                  "type": "item",
                                  "name": "egg",
                                  "functions": [
                                    {
                                      "function": "set_custom_data",
                                      "tag": "{\"collision_shape\":[[3.0d,0.0d,3.0d,13.0d,13.0d,13.0d],[3.0d,3.0d,13.0d,13.0d,13.0d,16.0d]],\"interaction_shape\":[[3.0d,0.0d,3.0d,13.0d,13.0d,13.0d],[3.0d,3.0d,13.0d,13.0d,13.0d,16.0d]]}"
                                    }
                                  ],
                                  "conditions": [
                                    {
                                      "condition": "location_check",
                                      "predicate": {
                                        "block": {
                                          "state": {
                                            "south": "true"
                                          }
                                        }
                                      }
                                    }
                                  ]
                                },
                                {
                                  "type": "item",
                                  "name": "egg",
                                  "functions": [
                                    {
                                      "function": "set_custom_data",
                                      "tag": "{\"interaction_shape\":[[3.0d,0.0d,3.0d,13.0d,13.0d,13.0d]],\"collision_shape\":[[3.0d,0.0d,3.0d,13.0d,13.0d,13.0d]]}"
                                    }
                                  ]
                                }
                              ]
                            }
                          ]
                        }
                      ],
                      "conditions": [
                        {
                          "condition": "location_check",
                          "predicate": {
                            "block": {
                              "state": {
                                "down": "true"
                              }
                            }
                          }
                        }
                      ]
                    },
                    {
                      "type": "alternatives",
                      "children": [
                        {
                          "type": "alternatives",
                          "children": [
                            {
                              "type": "alternatives",
                              "children": [
                                {
                                  "type": "item",
                                  "name": "egg",
                                  "functions": [
                                    {
                                      "function": "set_custom_data",
                                      "tag": "{\"interaction_shape\":[[0.0d,3.0d,3.0d,13.0d,13.0d,13.0d],[3.0d,3.0d,0.0d,13.0d,13.0d,16.0d]],\"collision_shape\":[[0.0d,3.0d,3.0d,13.0d,13.0d,13.0d],[3.0d,3.0d,0.0d,13.0d,13.0d,16.0d]]}"
                                    }
                                  ],
                                  "conditions": [
                                    {
                                      "condition": "location_check",
                                      "predicate": {
                                        "block": {
                                          "state": {
                                            "south": "true"
                                          }
                                        }
                                      }
                                    }
                                  ]
                                },
                                {
                                  "type": "item",
                                  "name": "egg",
                                  "functions": [
                                    {
                                      "function": "set_custom_data",
                                      "tag": "{\"interaction_shape\":[[0.0d,3.0d,3.0d,13.0d,13.0d,13.0d],[3.0d,3.0d,0.0d,13.0d,13.0d,13.0d]],\"collision_shape\":[[0.0d,3.0d,3.0d,13.0d,13.0d,13.0d],[3.0d,3.0d,0.0d,13.0d,13.0d,13.0d]]}"
                                    }
                                  ]
                                }
                              ],
                              "conditions": [
                                {
                                  "condition": "location_check",
                                  "predicate": {
                                    "block": {
                                      "state": {
                                        "west": "true"
                                      }
                                    }
                                  }
                                }
                              ]
                            },
                            {
                              "type": "alternatives",
                              "children": [
                                {
                                  "type": "item",
                                  "name": "egg",
                                  "functions": [
                                    {
                                      "function": "set_custom_data",
                                      "tag": "{\"collision_shape\":[[3.0d,3.0d,0.0d,13.0d,13.0d,16.0d]],\"interaction_shape\":[[3.0d,3.0d,0.0d,13.0d,13.0d,16.0d]]}"
                                    }
                                  ],
                                  "conditions": [
                                    {
                                      "condition": "location_check",
                                      "predicate": {
                                        "block": {
                                          "state": {
                                            "south": "true"
                                          }
                                        }
                                      }
                                    }
                                  ]
                                },
                                {
                                  "type": "item",
                                  "name": "egg",
                                  "functions": [
                                    {
                                      "function": "set_custom_data",
                                      "tag": "{\"interaction_shape\":[[3.0d,3.0d,0.0d,13.0d,13.0d,13.0d]],\"collision_shape\":[[3.0d,3.0d,0.0d,13.0d,13.0d,13.0d]]}"
                                    }
                                  ]
                                }
                              ]
                            }
                          ],
                          "conditions": [
                            {
                              "condition": "location_check",
                              "predicate": {
                                "block": {
                                  "state": {
                                    "north": "true"
                                  }
                                }
                              }
                            }
                          ]
                        },
                        {
                          "type": "alternatives",
                          "children": [
                            {
                              "type": "alternatives",
                              "children": [
                                {
                                  "type": "item",
                                  "name": "egg",
                                  "functions": [
                                    {
                                      "function": "set_custom_data",
                                      "tag": "{\"interaction_shape\":[[0.0d,3.0d,3.0d,13.0d,13.0d,13.0d],[3.0d,3.0d,13.0d,13.0d,13.0d,16.0d]],\"collision_shape\":[[0.0d,3.0d,3.0d,13.0d,13.0d,13.0d],[3.0d,3.0d,13.0d,13.0d,13.0d,16.0d]]}"
                                    }
                                  ],
                                  "conditions": [
                                    {
                                      "condition": "location_check",
                                      "predicate": {
                                        "block": {
                                          "state": {
                                            "south": "true"
                                          }
                                        }
                                      }
                                    }
                                  ]
                                },
                                {
                                  "type": "item",
                                  "name": "egg",
                                  "functions": [
                                    {
                                      "function": "set_custom_data",
                                      "tag": "{\"interaction_shape\":[[0.0d,3.0d,3.0d,13.0d,13.0d,13.0d]],\"collision_shape\":[[0.0d,3.0d,3.0d,13.0d,13.0d,13.0d]]}"
                                    }
                                  ]
                                }
                              ],
                              "conditions": [
                                {
                                  "condition": "location_check",
                                  "predicate": {
                                    "block": {
                                      "state": {
                                        "west": "true"
                                      }
                                    }
                                  }
                                }
                              ]
                            },
                            {
                              "type": "alternatives",
                              "children": [
                                {
                                  "type": "item",
                                  "name": "egg",
                                  "functions": [
                                    {
                                      "function": "set_custom_data",
                                      "tag": "{\"collision_shape\":[[3.0d,3.0d,3.0d,13.0d,13.0d,16.0d]],\"interaction_shape\":[[3.0d,3.0d,3.0d,13.0d,13.0d,16.0d]]}"
                                    }
                                  ],
                                  "conditions": [
                                    {
                                      "condition": "location_check",
                                      "predicate": {
                                        "block": {
                                          "state": {
                                            "south": "true"
                                          }
                                        }
                                      }
                                    }
                                  ]
                                },
                                {
                                  "type": "item",
                                  "name": "egg",
                                  "functions": [
                                    {
                                      "function": "set_custom_data",
                                      "tag": "{\"interaction_shape\":[[3.0d,3.0d,3.0d,13.0d,13.0d,13.0d]],\"collision_shape\":[[3.0d,3.0d,3.0d,13.0d,13.0d,13.0d]]}"
                                    }
                                  ]
                                }
                              ]
                            }
                          ]
                        }
                      ]
                    }
                  ]
                }
              ]
            }
          ]
        }
      ]
    }
  ]
}
