{
  "pools": [
    {
      "rolls": 1,
      "entries": [
        {
          "type": "alternatives",
          "children": [
            {
              "type": "alternatives",
              "children": [
                {
                  "type": "item",
                  "name": "egg",
                  "functions": [
                    {
                      "function": "set_custom_data",
                      "tag": "{}"
                    }
                  ],
                  "conditions": [
                    {
                      "condition": "location_check",
                      "predicate": {
                        "block": {
                          "state": {
                            "age": "0"
                          }
                        }
                      }
                    }
                  ]
                },
                {
                  "type": "item",
                  "name": "egg",
                  "functions": [
                    {
                      "function": "set_custom_data",
                      "tag": "{}"
                    }
                  ],
                  "conditions": [
                    {
                      "condition": "location_check",
                      "predicate": {
                        "block": {
                          "state": {
                            "age": "1"
                          }
                        }
                      }
                    }
                  ]
                },
                {
                  "type": "item",
                  "name": "egg",
                  "functions": [
                    {
                      "function": "set_custom_data",
                      "tag": "{}"
                    }
                  ],
                  "conditions": [
                    {
                      "condition": "location_check",
                      "predicate": {
                        "block": {
                          "state": {
                            "age": "2"
                          }
                        }
                      }
                    }
                  ]
                },
                {
                  "type": "item",
                  "name": "egg",
                  "functions": [
                    {
                      "function": "set_custom_data",
                      "tag": "{\"interaction_shape\":[[3.0d,0.0d,3.0d,13.0d,11.0d,13.0d]]}"
                    }
                  ],
                  "conditions": [
                    {
                      "condition": "location_check",
                      "predicate": {
                        "block": {
                          "state": {
                            "age": "3"
                          }
                        }
                      }
                    }
                  ]
                },
                {
                  "type": "item",
                  "name": "egg",
                  "functions": [
                    {
                      "function": "set_custom_data",
                      "tag": "{\"interaction_shape\":[[3.0d,0.0d,3.0d,13.0d,15.0d,13.0d]]}"
                    }
                  ]
                }
              ],
              "conditions": [
                {
                  "condition": "location_check",
                  "predicate": {
                    "block": {
                      "state": {
                        "half": "upper"
                      }
                    }
                  }
                }
              ]
            },
            {
              "type": "alternatives",
              "children": [
                {
                  "type": "item",
                  "name": "egg",
                  "functions": [
                    {
                      "function": "set_custom_data",
                      "tag": "{\"interaction_shape\":[[5.0d,0.0d,5.0d,11.0d,3.0d,11.0d]],\"collision_shape\":[[5.0d,0.0d,5.0d,11.0d,3.0d,11.0d]]}"
                    }
                  ],
                  "conditions": [
                    {
                      "condition": "location_check",
                      "predicate": {
                        "block": {
                          "state": {
                            "age": "0"
                          }
                        }
                      }
                    }
                  ]
                },
                {
                  "type": "item",
                  "name": "egg",
                  "functions": [
                    {
                      "function": "set_custom_data",
                      "tag": "{\"collision_shape\":[[3.0d,0.0d,3.0d,13.0d,5.0d,13.0d]],\"interaction_shape\":[[3.0d,0.0d,3.0d,13.0d,14.0d,13.0d]]}"
                    }
                  ],
                  "conditions": [
                    {
                      "condition": "location_check",
                      "predicate": {
                        "block": {
                          "state": {
                            "age": "1"
                          }
                        }
                      }
                    }
                  ]
                },
                {
                  "type": "item",
                  "name": "egg",
                  "functions": [
                    {
                      "function": "set_custom_data",
                      "tag": "{\"collision_shape\":[[3.0d,0.0d,3.0d,13.0d,5.0d,13.0d]],\"interaction_shape\":[[3.0d,0.0d,3.0d,13.0d,16.0d,13.0d]]}"
                    }
                  ],
                  "conditions": [
                    {
                      "condition": "location_check",
                      "predicate": {
                        "block": {
                          "state": {
                            "age": "2"
                          }
                        }
                      }
                    }
                  ]
                },
                {
                  "type": "item",
                  "name": "egg",
                  "functions": [
                    {
                      "function": "set_custom_data",
                      "tag": "{\"collision_shape\":[[3.0d,0.0d,3.0d,13.0d,5.0d,13.0d]],\"interaction_shape\":[[3.0d,0.0d,3.0d,13.0d,16.0d,13.0d]]}"
                    }
                  ],
                  "conditions": [
                    {
                      "condition": "location_check",
                      "predicate": {
                        "block": {
                          "state": {
                            "age": "3"
                          }
                        }
                      }
                    }
                  ]
                },
                {
                  "type": "item",
                  "name": "egg",
                  "functions": [
                    {
                      "function": "set_custom_data",
                      "tag": "{\"collision_shape\":[[3.0d,0.0d,3.0d,13.0d,5.0d,13.0d]],\"interaction_shape\":[[3.0d,0.0d,3.0d,13.0d,16.0d,13.0d]]}"
                    }
                  ]
                }
              ]
            }
          ]
        }
      ]
    }
  ]
}
