{
  "pools": [
    {
      "rolls": 1,
      "entries": [
        {
          "type": "alternatives",
          "children": [
            {
              "type": "item",
              "name": "egg",
              "functions": [
                {
                  "function": "set_custom_data",
                  "tag": "{\"collision_shape\":[[3.0d,0.0d,3.0d,12.0d,7.0d,12.0d]],\"interaction_shape\":[[3.0d,0.0d,3.0d,12.0d,7.0d,12.0d]]}"
                }
              ],
              "conditions": [
                {
                  "condition": "location_check",
                  "predicate": {
                    "block": {
                      "state": {
                        "eggs": "1"
                      }
                    }
                  }
                }
              ]
            },
            {
              "type": "item",
              "name": "egg",
              "functions": [
                {
                  "function": "set_custom_data",
                  "tag": "{\"interaction_shape\":[[1.0d,0.0d,1.0d,15.0d,7.0d,15.0d]],\"collision_shape\":[[1.0d,0.0d,1.0d,15.0d,7.0d,15.0d]]}"
                }
              ],
              "conditions": [
                {
                  "condition": "location_check",
                  "predicate": {
                    "block": {
                      "state": {
                        "eggs": "2"
                      }
                    }
                  }
                }
              ]
            },
            {
              "type": "item",
              "name": "egg",
              "functions": [
                {
                  "function": "set_custom_data",
                  "tag": "{\"interaction_shape\":[[1.0d,0.0d,1.0d,15.0d,7.0d,15.0d]],\"collision_shape\":[[1.0d,0.0d,1.0d,15.0d,7.0d,15.0d]]}"
                }
              ],
              "conditions": [
                {
                  "condition": "location_check",
                  "predicate": {
                    "block": {
                      "state": {
                        "eggs": "3"
                      }
                    }
                  }
                }
              ]
            },
            {
              "type": "item",
              "name": "egg",
              "functions": [
                {
                  "function": "set_custom_data",
                  "tag": "{\"interaction_shape\":[[1.0d,0.0d,1.0d,15.0d,7.0d,15.0d]],\"collision_shape\":[[1.0d,0.0d,1.0d,15.0d,7.0d,15.0d]]}"
                }
              ]
            }
          ]
        }
      ]
    }
  ]
}
