{
  "pools": [
    {
      "rolls": 1,
      "entries": [
        {
          "type": "alternatives",
          "children": [
            {
              "type": "item",
              "name": "egg",
              "functions": [
                {
                  "function": "set_custom_data",
                  "tag": "{\"interaction_shape\":[[6.0d,0.0d,6.0d,10.0d,6.0d,10.0d]],\"collision_shape\":[[6.0d,0.0d,6.0d,10.0d,6.0d,10.0d]]}"
                }
              ],
              "conditions": [
                {
                  "condition": "location_check",
                  "predicate": {
                    "block": {
                      "state": {
                        "pickles": "1"
                      }
                    }
                  }
                }
              ]
            },
            {
              "type": "item",
              "name": "egg",
              "functions": [
                {
                  "function": "set_custom_data",
                  "tag": "{\"interaction_shape\":[[3.0d,0.0d,3.0d,13.0d,6.0d,13.0d]],\"collision_shape\":[[3.0d,0.0d,3.0d,13.0d,6.0d,13.0d]]}"
                }
              ],
              "conditions": [
                {
                  "condition": "location_check",
                  "predicate": {
                    "block": {
                      "state": {
                        "pickles": "2"
                      }
                    }
                  }
                }
              ]
            },
            {
              "type": "item",
              "name": "egg",
              "functions": [
                {
                  "function": "set_custom_data",
                  "tag": "{\"collision_shape\":[[2.0d,0.0d,2.0d,14.0d,6.0d,14.0d]],\"interaction_shape\":[[2.0d,0.0d,2.0d,14.0d,6.0d,14.0d]]}"
                }
              ],
              "conditions": [
                {
                  "condition": "location_check",
                  "predicate": {
                    "block": {
                      "state": {
                        "pickles": "3"
                      }
                    }
                  }
                }
              ]
            },
            {
              "type": "item",
              "name": "egg",
              "functions": [
                {
                  "function": "set_custom_data",
                  "tag": "{\"interaction_shape\":[[2.0d,0.0d,2.0d,14.0d,7.0d,14.0d]],\"collision_shape\":[[2.0d,0.0d,2.0d,14.0d,7.0d,14.0d]]}"
                }
              ]
            }
          ]
        }
      ]
    }
  ]
}
