{
  "pools": [
    {
      "rolls": 1,
      "entries": [
        {
          "type": "alternatives",
          "children": [
            {
              "type": "alternatives",
              "children": [
                {
                  "type": "item",
                  "name": "egg",
                  "functions": [
                    {
                      "function": "set_custom_data",
                      "tag": "{\"interaction_shape\":[[2.0d,0.0d,6.0d,4.0d,13.0d,10.0d],[2.0d,7.0d,5.0d,14.0d,13.0d,11.0d],[4.0d,4.0d,2.0d,12.0d,16.0d,14.0d],[12.0d,0.0d,6.0d,14.0d,13.0d,10.0d]],\"collision_shape\":[[2.0d,0.0d,6.0d,4.0d,13.0d,10.0d],[2.0d,7.0d,5.0d,14.0d,13.0d,11.0d],[4.0d,4.0d,2.0d,12.0d,16.0d,14.0d],[12.0d,0.0d,6.0d,14.0d,13.0d,10.0d]]}"
                    }
                  ],
                  "conditions": [
                    {
                      "condition": "location_check",
                      "predicate": {
                        "block": {
                          "state": {
                            "facing": "north"
                          }
                        }
                      }
                    }
                  ]
                },
                {
                  "type": "item",
                  "name": "egg",
                  "functions": [
                    {
                      "function": "set_custom_data",
                      "tag": "{\"interaction_shape\":[[2.0d,0.0d,6.0d,4.0d,13.0d,10.0d],[2.0d,7.0d,5.0d,14.0d,13.0d,11.0d],[4.0d,4.0d,2.0d,12.0d,16.0d,14.0d],[12.0d,0.0d,6.0d,14.0d,13.0d,10.0d]],\"collision_shape\":[[2.0d,0.0d,6.0d,4.0d,13.0d,10.0d],[2.0d,7.0d,5.0d,14.0d,13.0d,11.0d],[4.0d,4.0d,2.0d,12.0d,16.0d,14.0d],[12.0d,0.0d,6.0d,14.0d,13.0d,10.0d]]}"
                    }
                  ],
                  "conditions": [
                    {
                      "condition": "location_check",
                      "predicate": {
                        "block": {
                          "state": {
                            "facing": "south"
                          }
                        }
                      }
                    }
                  ]
                },
                {
                  "type": "item",
                  "name": "egg",
                  "functions": [
                    {
                      "function": "set_custom_data",
                      "tag": "{\"collision_shape\":[[2.0d,4.0d,4.0d,14.0d,16.0d,12.0d],[5.0d,7.0d,2.0d,11.0d,13.0d,14.0d],[6.0d,0.0d,2.0d,10.0d,13.0d,4.0d],[6.0d,0.0d,12.0d,10.0d,13.0d,14.0d]],\"interaction_shape\":[[2.0d,4.0d,4.0d,14.0d,16.0d,12.0d],[5.0d,7.0d,2.0d,11.0d,13.0d,14.0d],[6.0d,0.0d,2.0d,10.0d,13.0d,4.0d],[6.0d,0.0d,12.0d,10.0d,13.0d,14.0d]]}"
                    }
                  ],
                  "conditions": [
                    {
                      "condition": "location_check",
                      "predicate": {
                        "block": {
                          "state": {
                            "facing": "west"
                          }
                        }
                      }
                    }
                  ]
                },
                {
                  "type": "item",
                  "name": "egg",
                  "functions": [
                    {
                      "function": "set_custom_data",
                      "tag": "{\"collision_shape\":[[2.0d,4.0d,4.0d,14.0d,16.0d,12.0d],[5.0d,7.0d,2.0d,11.0d,13.0d,14.0d],[6.0d,0.0d,2.0d,10.0d,13.0d,4.0d],[6.0d,0.0d,12.0d,10.0d,13.0d,14.0d]],\"interaction_shape\":[[2.0d,4.0d,4.0d,14.0d,16.0d,12.0d],[5.0d,7.0d,2.0d,11.0d,13.0d,14.0d],[6.0d,0.0d,2.0d,10.0d,13.0d,4.0d],[6.0d,0.0d,12.0d,10.0d,13.0d,14.0d]]}"
                    }
                  ]
                }
              ],
              "conditions": [
                {
                  "condition": "location_check",
                  "predicate": {
                    "block": {
                      "state": {
                        "face": "floor"
                      }
                    }
                  }
                }
              ]
            },
            {
              "type": "alternatives",
              "children": [
                {
                  "type": "item",
                  "name": "egg",
                  "functions": [
                    {
                      "function": "set_custom_data",
                      "tag": "{\"interaction_shape\":[[2.0d,5.0d,3.0d,14.0d,11.0d,9.0d],[2.0d,6.0d,9.0d,14.0d,10.0d,12.0d],[2.0d,6.0d,12.0d,4.0d,10.0d,16.0d],[4.0d,2.0d,0.0d,12.0d,14.0d,12.0d],[12.0d,6.0d,12.0d,14.0d,10.0d,16.0d]],\"collision_shape\":[[2.0d,5.0d,3.0d,14.0d,11.0d,9.0d],[2.0d,6.0d,9.0d,14.0d,10.0d,12.0d],[2.0d,6.0d,12.0d,4.0d,10.0d,16.0d],[4.0d,2.0d,0.0d,12.0d,14.0d,12.0d],[12.0d,6.0d,12.0d,14.0d,10.0d,16.0d]]}"
                    }
                  ],
                  "conditions": [
                    {
                      "condition": "location_check",
                      "predicate": {
                        "block": {
                          "state": {
                            "facing": "north"
                          }
                        }
                      }
                    }
                  ]
                },
                {
                  "type": "item",
                  "name": "egg",
                  "functions": [
                    {
                      "function": "set_custom_data",
                      "tag": "{\"interaction_shape\":[[2.0d,5.0d,7.0d,14.0d,11.0d,13.0d],[2.0d,6.0d,0.0d,4.0d,10.0d,13.0d],[4.0d,2.0d,4.0d,12.0d,14.0d,16.0d],[12.0d,6.0d,0.0d,14.0d,10.0d,13.0d]],\"collision_shape\":[[2.0d,5.0d,7.0d,14.0d,11.0d,13.0d],[2.0d,6.0d,0.0d,4.0d,10.0d,13.0d],[4.0d,2.0d,4.0d,12.0d,14.0d,16.0d],[12.0d,6.0d,0.0d,14.0d,10.0d,13.0d]]}"
                    }
                  ],
                  "conditions": [
                    {
                      "condition": "location_check",
                      "predicate": {
                        "block": {
                          "state": {
                            "facing": "south"
                          }
                        }
                      }
                    }
                  ]
                },
                {
                  "type": "item",
                  "name": "egg",
                  "functions": [
                    {
                      "function": "set_custom_data",
                      "tag": "{\"interaction_shape\":[[0.0d,2.0d,4.0d,12.0d,14.0d,12.0d],[3.0d,5.0d,2.0d,9.0d,11.0d,14.0d],[9.0d,6.0d,2.0d,16.0d,10.0d,4.0d],[9.0d,6.0d,12.0d,16.0d,10.0d,14.0d]],\"collision_shape\":[[0.0d,2.0d,4.0d,12.0d,14.0d,12.0d],[3.0d,5.0d,2.0d,9.0d,11.0d,14.0d],[9.0d,6.0d,2.0d,16.0d,10.0d,4.0d],[9.0d,6.0d,12.0d,16.0d,10.0d,14.0d]]}"
                    }
                  ],
                  "conditions": [
                    {
                      "condition": "location_check",
                      "predicate": {
                        "block": {
                          "state": {
                            "facing": "west"
                          }
                        }
                      }
                    }
                  ]
                },
                {
                  "type": "item",
                  "name": "egg",
                  "functions": [
                    {
                      "function": "set_custom_data",
                      "tag": "{\"interaction_shape\":[[0.0d,6.0d,2.0d,13.0d,10.0d,4.0d],[0.0d,6.0d,12.0d,13.0d,10.0d,14.0d],[4.0d,2.0d,4.0d,16.0d,14.0d,12.0d],[7.0d,5.0d,2.0d,13.0d,11.0d,14.0d]],\"collision_shape\":[[0.0d,6.0d,2.0d,13.0d,10.0d,4.0d],[0.0d,6.0d,12.0d,13.0d,10.0d,14.0d],[4.0d,2.0d,4.0d,16.0d,14.0d,12.0d],[7.0d,5.0d,2.0d,13.0d,11.0d,14.0d]]}"
                    }
                  ]
                }
              ],
              "conditions": [
                {
                  "condition": "location_check",
                  "predicate": {
                    "block": {
                      "state": {
                        "face": "wall"
                      }
                    }
                  }
                }
              ]
            },
            {
              "type": "alternatives",
              "children": [
                {
                  "type": "item",
                  "name": "egg",
                  "functions": [
                    {
                      "function": "set_custom_data",
                      "tag": "{\"interaction_shape\":[[2.0d,3.0d,5.0d,14.0d,9.0d,11.0d],[2.0d,9.0d,6.0d,4.0d,16.0d,10.0d],[4.0d,0.0d,2.0d,12.0d,12.0d,14.0d],[12.0d,9.0d,6.0d,14.0d,16.0d,10.0d]],\"collision_shape\":[[2.0d,3.0d,5.0d,14.0d,9.0d,11.0d],[2.0d,9.0d,6.0d,4.0d,16.0d,10.0d],[4.0d,0.0d,2.0d,12.0d,12.0d,14.0d],[12.0d,9.0d,6.0d,14.0d,16.0d,10.0d]]}"
                    }
                  ],
                  "conditions": [
                    {
                      "condition": "location_check",
                      "predicate": {
                        "block": {
                          "state": {
                            "facing": "north"
                          }
                        }
                      }
                    }
                  ]
                },
                {
                  "type": "item",
                  "name": "egg",
                  "functions": [
                    {
                      "function": "set_custom_data",
                      "tag": "{\"interaction_shape\":[[2.0d,3.0d,5.0d,14.0d,9.0d,11.0d],[2.0d,9.0d,6.0d,4.0d,16.0d,10.0d],[4.0d,0.0d,2.0d,12.0d,12.0d,14.0d],[12.0d,9.0d,6.0d,14.0d,16.0d,10.0d]],\"collision_shape\":[[2.0d,3.0d,5.0d,14.0d,9.0d,11.0d],[2.0d,9.0d,6.0d,4.0d,16.0d,10.0d],[4.0d,0.0d,2.0d,12.0d,12.0d,14.0d],[12.0d,9.0d,6.0d,14.0d,16.0d,10.0d]]}"
                    }
                  ],
                  "conditions": [
                    {
                      "condition": "location_check",
                      "predicate": {
                        "block": {
                          "state": {
                            "facing": "south"
                          }
                        }
                      }
                    }
                  ]
                },
                {
                  "type": "item",
                  "name": "egg",
                  "functions": [
                    {
                      "function": "set_custom_data",
                      "tag": "{\"interaction_shape\":[[2.0d,0.0d,4.0d,14.0d,12.0d,12.0d],[5.0d,3.0d,2.0d,11.0d,9.0d,14.0d],[6.0d,9.0d,2.0d,10.0d,16.0d,4.0d],[6.0d,9.0d,12.0d,10.0d,16.0d,14.0d]],\"collision_shape\":[[2.0d,0.0d,4.0d,14.0d,12.0d,12.0d],[5.0d,3.0d,2.0d,11.0d,9.0d,14.0d],[6.0d,9.0d,2.0d,10.0d,16.0d,4.0d],[6.0d,9.0d,12.0d,10.0d,16.0d,14.0d]]}"
                    }
                  ],
                  "conditions": [
                    {
                      "condition": "location_check",
                      "predicate": {
                        "block": {
                          "state": {
                            "facing": "west"
                          }
                        }
                      }
                    }
                  ]
                },
                {
                  "type": "item",
                  "name": "egg",
                  "functions": [
                    {
                      "function": "set_custom_data",
                      "tag": "{\"interaction_shape\":[[2.0d,0.0d,4.0d,14.0d,12.0d,12.0d],[5.0d,3.0d,2.0d,11.0d,9.0d,14.0d],[6.0d,9.0d,2.0d,10.0d,16.0d,4.0d],[6.0d,9.0d,12.0d,10.0d,16.0d,14.0d]],\"collision_shape\":[[2.0d,0.0d,4.0d,14.0d,12.0d,12.0d],[5.0d,3.0d,2.0d,11.0d,9.0d,14.0d],[6.0d,9.0d,2.0d,10.0d,16.0d,4.0d],[6.0d,9.0d,12.0d,10.0d,16.0d,14.0d]]}"
                    }
                  ]
                }
              ]
            }
          ]
        }
      ]
    }
  ]
}
