{
  "pools": [
    {
      "rolls": 1,
      "entries": [
        {
          "type": "alternatives",
          "children": [
            {
              "type": "alternatives",
              "children": [
                {
                  "type": "item",
                  "name": "egg",
                  "functions": [
                    {
                      "function": "set_custom_data",
                      "tag": "{\"interaction_shape\":[[0.0d,0.0d,0.0d,8.0d,1.0d,8.0d]]}"
                    }
                  ],
                  "conditions": [
                    {
                      "condition": "location_check",
                      "predicate": {
                        "block": {
                          "state": {
                            "segment_amount": "1"
                          }
                        }
                      }
                    }
                  ]
                },
                {
                  "type": "item",
                  "name": "egg",
                  "functions": [
                    {
                      "function": "set_custom_data",
                      "tag": "{\"interaction_shape\":[[0.0d,0.0d,0.0d,8.0d,1.0d,16.0d]]}"
                    }
                  ],
                  "conditions": [
                    {
                      "condition": "location_check",
                      "predicate": {
                        "block": {
                          "state": {
                            "segment_amount": "2"
                          }
                        }
                      }
                    }
                  ]
                },
                {
                  "type": "item",
                  "name": "egg",
                  "functions": [
                    {
                      "function": "set_custom_data",
                      "tag": "{\"interaction_shape\":[[0.0d,0.0d,0.0d,16.0d,1.0d,16.0d]]}"
                    }
                  ],
                  "conditions": [
                    {
                      "condition": "location_check",
                      "predicate": {
                        "block": {
                          "state": {
                            "segment_amount": "3"
                          }
                        }
                      }
                    }
                  ]
                },
                {
                  "type": "item",
                  "name": "egg",
                  "functions": [
                    {
                      "function": "set_custom_data",
                      "tag": "{\"interaction_shape\":[[0.0d,0.0d,0.0d,16.0d,1.0d,16.0d]]}"
                    }
                  ]
                }
              ],
              "conditions": [
                {
                  "condition": "location_check",
                  "predicate": {
                    "block": {
                      "state": {
                        "facing": "north"
                      }
                    }
                  }
                }
              ]
            },
            {
              "type": "alternatives",
              "children": [
                {
                  "type": "item",
                  "name": "egg",
                  "functions": [
                    {
                      "function": "set_custom_data",
                      "tag": "{\"interaction_shape\":[[8.0d,0.0d,8.0d,16.0d,1.0d,16.0d]]}"
                    }
                  ],
                  "conditions": [
                    {
                      "condition": "location_check",
                      "predicate": {
                        "block": {
                          "state": {
                            "segment_amount": "1"
                          }
                        }
                      }
                    }
                  ]
                },
                {
                  "type": "item",
                  "name": "egg",
                  "functions": [
                    {
                      "function": "set_custom_data",
                      "tag": "{\"interaction_shape\":[[8.0d,0.0d,0.0d,16.0d,1.0d,16.0d]]}"
                    }
                  ],
                  "conditions": [
                    {
                      "condition": "location_check",
                      "predicate": {
                        "block": {
                          "state": {
                            "segment_amount": "2"
                          }
                        }
                      }
                    }
                  ]
                },
                {
                  "type": "item",
                  "name": "egg",
                  "functions": [
                    {
                      "function": "set_custom_data",
                      "tag": "{\"interaction_shape\":[[0.0d,0.0d,0.0d,16.0d,1.0d,16.0d]]}"
                    }
                  ],
                  "conditions": [
                    {
                      "condition": "location_check",
                      "predicate": {
                        "block": {
                          "state": {
                            "segment_amount": "3"
                          }
                        }
                      }
                    }
                  ]
                },
                {
                  "type": "item",
                  "name": "egg",
                  "functions": [
                    {
                      "function": "set_custom_data",
                      "tag": "{\"interaction_shape\":[[0.0d,0.0d,0.0d,16.0d,1.0d,16.0d]]}"
                    }
                  ]
                }
              ],
              "conditions": [
                {
                  "condition": "location_check",
                  "predicate": {
                    "block": {
                      "state": {
                        "facing": "south"
                      }
                    }
                  }
                }
              ]
            },
            {
              "type": "alternatives",
              "children": [
                {
                  "type": "item",
                  "name": "egg",
                  "functions": [
                    {
                      "function": "set_custom_data",
                      "tag": "{\"interaction_shape\":[[0.0d,0.0d,8.0d,8.0d,1.0d,16.0d]]}"
                    }
                  ],
                  "conditions": [
                    {
                      "condition": "location_check",
                      "predicate": {
                        "block": {
                          "state": {
                            "segment_amount": "1"
                          }
                        }
                      }
                    }
                  ]
                },
                {
                  "type": "item",
                  "name": "egg",
                  "functions": [
                    {
                      "function": "set_custom_data",
                      "tag": "{\"interaction_shape\":[[0.0d,0.0d,8.0d,16.0d,1.0d,16.0d]]}"
                    }
                  ],
                  "conditions": [
                    {
                      "condition": "location_check",
                      "predicate": {
                        "block": {
                          "state": {
                            "segment_amount": "2"
                          }
                        }
                      }
                    }
                  ]
                },
                {
                  "type": "item",
                  "name": "egg",
                  "functions": [
                    {
                      "function": "set_custom_data",
                      "tag": "{\"interaction_shape\":[[0.0d,0.0d,0.0d,16.0d,1.0d,16.0d]]}"
                    }
                  ],
                  "conditions": [
                    {
                      "condition": "location_check",
                      "predicate": {
                        "block": {
                          "state": {
                            "segment_amount": "3"
                          }
                        }
                      }
                    }
                  ]
                },
                {
                  "type": "item",
                  "name": "egg",
                  "functions": [
                    {
                      "function": "set_custom_data",
                      "tag": "{\"interaction_shape\":[[0.0d,0.0d,0.0d,16.0d,1.0d,16.0d]]}"
                    }
                  ]
                }
              ],
              "conditions": [
                {
                  "condition": "location_check",
                  "predicate": {
                    "block": {
                      "state": {
                        "facing": "west"
                      }
                    }
                  }
                }
              ]
            },
            {
              "type": "alternatives",
              "children": [
                {
                  "type": "item",
                  "name": "egg",
                  "functions": [
                    {
                      "function": "set_custom_data",
                      "tag": "{\"interaction_shape\":[[8.0d,0.0d,0.0d,16.0d,1.0d,8.0d]]}"
                    }
                  ],
                  "conditions": [
                    {
                      "condition": "location_check",
                      "predicate": {
                        "block": {
                          "state": {
                            "segment_amount": "1"
                          }
                        }
                      }
                    }
                  ]
                },
                {
                  "type": "item",
                  "name": "egg",
                  "functions": [
                    {
                      "function": "set_custom_data",
                      "tag": "{\"interaction_shape\":[[0.0d,0.0d,0.0d,16.0d,1.0d,8.0d]]}"
                    }
                  ],
                  "conditions": [
                    {
                      "condition": "location_check",
                      "predicate": {
                        "block": {
                          "state": {
                            "segment_amount": "2"
                          }
                        }
                      }
                    }
                  ]
                },
                {
                  "type": "item",
                  "name": "egg",
                  "functions": [
                    {
                      "function": "set_custom_data",
                      "tag": "{\"interaction_shape\":[[0.0d,0.0d,0.0d,16.0d,1.0d,16.0d]]}"
                    }
                  ],
                  "conditions": [
                    {
                      "condition": "location_check",
                      "predicate": {
                        "block": {
                          "state": {
                            "segment_amount": "3"
                          }
                        }
                      }
                    }
                  ]
                },
                {
                  "type": "item",
                  "name": "egg",
                  "functions": [
                    {
                      "function": "set_custom_data",
                      "tag": "{\"interaction_shape\":[[0.0d,0.0d,0.0d,16.0d,1.0d,16.0d]]}"
                    }
                  ]
                }
              ]
            }
          ]
        }
      ]
    }
  ]
}
