{
  "__bookshelf__": {
    "feature": true,
    "documentation": "https://docs.mcbookshelf.dev/en/latest/modules/link.html#imitate-behaviors",
    "authors": [
      "Aksiome",
      "Leirof"
    ],
    "created": {
      "date": "2023/09/09",
      "minecraft_version": "1.20.1"
    },
    "updated": {
      "date": "2024/02/27",
      "minecraft_version": "1.20.4"
    }
  },
  "replace": true,
  "values": [
    "#bs.link:behaviors/setup",
    "#bs.link:behaviors/imitate_pos_x",
    "#bs.link:behaviors/imitate_pos_y",
    "#bs.link:behaviors/imitate_pos_z",
    "#bs.link:behaviors/imitate_rot_h",
    "#bs.link:behaviors/imitate_rot_v",
    "#bs.link:behaviors/apply"
  ]
}
