{
  "__bookshelf__": {
    "feature": true,
    "documentation": "https://docs.mcbookshelf.dev/en/latest/modules/hitbox.html#entities",
    "authors": [
      "Aksiome"
    ],
    "created": {
      "date": "2024/09/28",
      "minecraft_version": "1.21"
    },
    "updated": {
      "date": "2024/09/28",
      "minecraft_version": "1.21"
    }
  },
  "replace": true,
  "values": [
    "minecraft:area_effect_cloud",
    "minecraft:arrow",
    "minecraft:block_display",
    "minecraft:dragon_fireball",
    "minecraft:egg",
    "minecraft:ender_pearl",
    "minecraft:evoker_fangs",
    "minecraft:experience_bottle",
    "minecraft:experience_orb",
    "minecraft:eye_of_ender",
    "minecraft:firework_rocket",
    "minecraft:fishing_bobber",
    "minecraft:item",
    "minecraft:item_display",
    "minecraft:llama_spit",
    "minecraft:marker",
    "minecraft:splash_potion",
    "minecraft:lingering_potion",
    "minecraft:small_fireball",
    "minecraft:snowball",
    "minecraft:spectral_arrow",
    "minecraft:text_display",
    "minecraft:tnt",
    "minecraft:trident",
    "minecraft:wither_skull"
  ]
}
