{
  "__bookshelf__": {
    "feature": true,
    "documentation": "https://docs.mcbookshelf.dev/en/latest/modules/block.html#has-state",
    "authors": [
      "Aksiome"
    ],
    "created": {
      "date": "2024/01/15",
      "minecraft_version": "1.20.5"
    },
    "updated": {
      "date": "2025/03/10",
      "minecraft_version": "1.21.4"
    }
  },
  "replace": true,
  "values": [
    "minecraft:acacia_button",
    "minecraft:bamboo_button",
    "minecraft:birch_button",
    "minecraft:cherry_button",
    "minecraft:crimson_button",
    "minecraft:dark_oak_button",
    "minecraft:jungle_button",
    "minecraft:lever",
    "minecraft:mangrove_button",
    "minecraft:oak_button",
    "minecraft:pale_oak_button",
    "minecraft:polished_blackstone_button",
    "minecraft:spruce_button",
    "minecraft:stone_button",
    "minecraft:warped_button",
    "minecraft:acacia_door",
    "minecraft:bamboo_door",
    "minecraft:birch_door",
    "minecraft:cherry_door",
    "minecraft:copper_door",
    "minecraft:crimson_door",
    "minecraft:dark_oak_door",
    "minecraft:exposed_copper_door",
    "minecraft:iron_door",
    "minecraft:jungle_door",
    "minecraft:mangrove_door",
    "minecraft:oak_door",
    "minecraft:oxidized_copper_door",
    "minecraft:pale_oak_door",
    "minecraft:spruce_door",
    "minecraft:warped_door",
    "minecraft:waxed_copper_door",
    "minecraft:waxed_exposed_copper_door",
    "minecraft:waxed_oxidized_copper_door",
    "minecraft:waxed_weathered_copper_door",
    "minecraft:weathered_copper_door",
    "minecraft:acacia_fence",
    "minecraft:bamboo_fence",
    "minecraft:birch_fence",
    "minecraft:black_stained_glass_pane",
    "minecraft:blue_stained_glass_pane",
    "minecraft:brown_stained_glass_pane",
    "minecraft:cherry_fence",
    "minecraft:crimson_fence",
    "minecraft:cyan_stained_glass_pane",
    "minecraft:dark_oak_fence",
    "minecraft:glass_pane",
    "minecraft:gray_stained_glass_pane",
    "minecraft:green_stained_glass_pane",
    "minecraft:iron_bars",
    "minecraft:jungle_fence",
    "minecraft:light_blue_stained_glass_pane",
    "minecraft:light_gray_stained_glass_pane",
    "minecraft:lime_stained_glass_pane",
    "minecraft:magenta_stained_glass_pane",
    "minecraft:mangrove_fence",
    "minecraft:nether_brick_fence",
    "minecraft:oak_fence",
    "minecraft:orange_stained_glass_pane",
    "minecraft:pale_oak_fence",
    "minecraft:pink_stained_glass_pane",
    "minecraft:purple_stained_glass_pane",
    "minecraft:red_stained_glass_pane",
    "minecraft:spruce_fence",
    "minecraft:warped_fence",
    "minecraft:white_stained_glass_pane",
    "minecraft:yellow_stained_glass_pane",
    "minecraft:acacia_fence_gate",
    "minecraft:bamboo_fence_gate",
    "minecraft:birch_fence_gate",
    "minecraft:cherry_fence_gate",
    "minecraft:crimson_fence_gate",
    "minecraft:dark_oak_fence_gate",
    "minecraft:jungle_fence_gate",
    "minecraft:mangrove_fence_gate",
    "minecraft:oak_fence_gate",
    "minecraft:pale_oak_fence_gate",
    "minecraft:spruce_fence_gate",
    "minecraft:warped_fence_gate",
    "minecraft:acacia_hanging_sign",
    "minecraft:bamboo_hanging_sign",
    "minecraft:birch_hanging_sign",
    "minecraft:cherry_hanging_sign",
    "minecraft:crimson_hanging_sign",
    "minecraft:dark_oak_hanging_sign",
    "minecraft:jungle_hanging_sign",
    "minecraft:mangrove_hanging_sign",
    "minecraft:oak_hanging_sign",
    "minecraft:pale_oak_hanging_sign",
    "minecraft:spruce_hanging_sign",
    "minecraft:warped_hanging_sign",
    "minecraft:acacia_leaves",
    "minecraft:azalea_leaves",
    "minecraft:birch_leaves",
    "minecraft:cherry_leaves",
    "minecraft:dark_oak_leaves",
    "minecraft:flowering_azalea_leaves",
    "minecraft:jungle_leaves",
    "minecraft:mangrove_leaves",
    "minecraft:oak_leaves",
    "minecraft:pale_oak_leaves",
    "minecraft:spruce_leaves",
    "minecraft:acacia_log",
    "minecraft:acacia_wood",
    "minecraft:bamboo_block",
    "minecraft:basalt",
    "minecraft:birch_log",
    "minecraft:birch_wood",
    "minecraft:bone_block",
    "minecraft:cherry_log",
    "minecraft:cherry_wood",
    "minecraft:crimson_hyphae",
    "minecraft:crimson_stem",
    "minecraft:dark_oak_log",
    "minecraft:dark_oak_wood",
    "minecraft:deepslate",
    "minecraft:hay_block",
    "minecraft:infested_deepslate",
    "minecraft:jungle_log",
    "minecraft:jungle_wood",
    "minecraft:mangrove_log",
    "minecraft:mangrove_wood",
    "minecraft:muddy_mangrove_roots",
    "minecraft:oak_log",
    "minecraft:oak_wood",
    "minecraft:ochre_froglight",
    "minecraft:pale_oak_log",
    "minecraft:pale_oak_wood",
    "minecraft:pearlescent_froglight",
    "minecraft:polished_basalt",
    "minecraft:purpur_pillar",
    "minecraft:quartz_pillar",
    "minecraft:spruce_log",
    "minecraft:spruce_wood",
    "minecraft:stripped_acacia_log",
    "minecraft:stripped_acacia_wood",
    "minecraft:stripped_bamboo_block",
    "minecraft:stripped_birch_log",
    "minecraft:stripped_birch_wood",
    "minecraft:stripped_cherry_log",
    "minecraft:stripped_cherry_wood",
    "minecraft:stripped_crimson_hyphae",
    "minecraft:stripped_crimson_stem",
    "minecraft:stripped_dark_oak_log",
    "minecraft:stripped_dark_oak_wood",
    "minecraft:stripped_jungle_log",
    "minecraft:stripped_jungle_wood",
    "minecraft:stripped_mangrove_log",
    "minecraft:stripped_mangrove_wood",
    "minecraft:stripped_oak_log",
    "minecraft:stripped_oak_wood",
    "minecraft:stripped_pale_oak_log",
    "minecraft:stripped_pale_oak_wood",
    "minecraft:stripped_spruce_log",
    "minecraft:stripped_spruce_wood",
    "minecraft:stripped_warped_hyphae",
    "minecraft:stripped_warped_stem",
    "minecraft:verdant_froglight",
    "minecraft:warped_hyphae",
    "minecraft:warped_stem",
    "minecraft:acacia_pressure_plate",
    "minecraft:bamboo_pressure_plate",
    "minecraft:birch_pressure_plate",
    "minecraft:cherry_pressure_plate",
    "minecraft:crimson_pressure_plate",
    "minecraft:dark_oak_pressure_plate",
    "minecraft:jungle_pressure_plate",
    "minecraft:mangrove_pressure_plate",
    "minecraft:oak_pressure_plate",
    "minecraft:pale_oak_pressure_plate",
    "minecraft:polished_blackstone_pressure_plate",
    "minecraft:spruce_pressure_plate",
    "minecraft:stone_pressure_plate",
    "minecraft:warped_pressure_plate",
    "minecraft:acacia_sapling",
    "minecraft:birch_sapling",
    "minecraft:cherry_sapling",
    "minecraft:dark_oak_sapling",
    "minecraft:jungle_sapling",
    "minecraft:oak_sapling",
    "minecraft:pale_oak_sapling",
    "minecraft:spruce_sapling",
    "minecraft:acacia_sign",
    "minecraft:bamboo_sign",
    "minecraft:birch_sign",
    "minecraft:cherry_sign",
    "minecraft:crimson_sign",
    "minecraft:dark_oak_sign",
    "minecraft:jungle_sign",
    "minecraft:mangrove_sign",
    "minecraft:oak_sign",
    "minecraft:pale_oak_sign",
    "minecraft:spruce_sign",
    "minecraft:warped_sign",
    "minecraft:acacia_slab",
    "minecraft:andesite_slab",
    "minecraft:bamboo_mosaic_slab",
    "minecraft:bamboo_slab",
    "minecraft:birch_slab",
    "minecraft:blackstone_slab",
    "minecraft:brick_slab",
    "minecraft:cherry_slab",
    "minecraft:cobbled_deepslate_slab",
    "minecraft:cobblestone_slab",
    "minecraft:crimson_slab",
    "minecraft:cut_copper_slab",
    "minecraft:cut_red_sandstone_slab",
    "minecraft:cut_sandstone_slab",
    "minecraft:dark_oak_slab",
    "minecraft:dark_prismarine_slab",
    "minecraft:deepslate_brick_slab",
    "minecraft:deepslate_tile_slab",
    "minecraft:diorite_slab",
    "minecraft:end_stone_brick_slab",
    "minecraft:exposed_cut_copper_slab",
    "minecraft:granite_slab",
    "minecraft:jungle_slab",
    "minecraft:mangrove_slab",
    "minecraft:mossy_cobblestone_slab",
    "minecraft:mossy_stone_brick_slab",
    "minecraft:mud_brick_slab",
    "minecraft:nether_brick_slab",
    "minecraft:oak_slab",
    "minecraft:oxidized_cut_copper_slab",
    "minecraft:pale_oak_slab",
    "minecraft:petrified_oak_slab",
    "minecraft:polished_andesite_slab",
    "minecraft:polished_blackstone_brick_slab",
    "minecraft:polished_blackstone_slab",
    "minecraft:polished_deepslate_slab",
    "minecraft:polished_diorite_slab",
    "minecraft:polished_granite_slab",
    "minecraft:polished_tuff_slab",
    "minecraft:prismarine_brick_slab",
    "minecraft:prismarine_slab",
    "minecraft:purpur_slab",
    "minecraft:quartz_slab",
    "minecraft:red_nether_brick_slab",
    "minecraft:red_sandstone_slab",
    "minecraft:resin_brick_slab",
    "minecraft:sandstone_slab",
    "minecraft:smooth_quartz_slab",
    "minecraft:smooth_red_sandstone_slab",
    "minecraft:smooth_sandstone_slab",
    "minecraft:smooth_stone_slab",
    "minecraft:spruce_slab",
    "minecraft:stone_brick_slab",
    "minecraft:stone_slab",
    "minecraft:tuff_brick_slab",
    "minecraft:tuff_slab",
    "minecraft:warped_slab",
    "minecraft:waxed_cut_copper_slab",
    "minecraft:waxed_exposed_cut_copper_slab",
    "minecraft:waxed_oxidized_cut_copper_slab",
    "minecraft:waxed_weathered_cut_copper_slab",
    "minecraft:weathered_cut_copper_slab",
    "minecraft:acacia_stairs",
    "minecraft:andesite_stairs",
    "minecraft:bamboo_mosaic_stairs",
    "minecraft:bamboo_stairs",
    "minecraft:birch_stairs",
    "minecraft:blackstone_stairs",
    "minecraft:brick_stairs",
    "minecraft:cherry_stairs",
    "minecraft:cobbled_deepslate_stairs",
    "minecraft:cobblestone_stairs",
    "minecraft:crimson_stairs",
    "minecraft:cut_copper_stairs",
    "minecraft:dark_oak_stairs",
    "minecraft:dark_prismarine_stairs",
    "minecraft:deepslate_brick_stairs",
    "minecraft:deepslate_tile_stairs",
    "minecraft:diorite_stairs",
    "minecraft:end_stone_brick_stairs",
    "minecraft:exposed_cut_copper_stairs",
    "minecraft:granite_stairs",
    "minecraft:jungle_stairs",
    "minecraft:mangrove_stairs",
    "minecraft:mossy_cobblestone_stairs",
    "minecraft:mossy_stone_brick_stairs",
    "minecraft:mud_brick_stairs",
    "minecraft:nether_brick_stairs",
    "minecraft:oak_stairs",
    "minecraft:oxidized_cut_copper_stairs",
    "minecraft:pale_oak_stairs",
    "minecraft:polished_andesite_stairs",
    "minecraft:polished_blackstone_brick_stairs",
    "minecraft:polished_blackstone_stairs",
    "minecraft:polished_deepslate_stairs",
    "minecraft:polished_diorite_stairs",
    "minecraft:polished_granite_stairs",
    "minecraft:polished_tuff_stairs",
    "minecraft:prismarine_brick_stairs",
    "minecraft:prismarine_stairs",
    "minecraft:purpur_stairs",
    "minecraft:quartz_stairs",
    "minecraft:red_nether_brick_stairs",
    "minecraft:red_sandstone_stairs",
    "minecraft:resin_brick_stairs",
    "minecraft:sandstone_stairs",
    "minecraft:smooth_quartz_stairs",
    "minecraft:smooth_red_sandstone_stairs",
    "minecraft:smooth_sandstone_stairs",
    "minecraft:spruce_stairs",
    "minecraft:stone_brick_stairs",
    "minecraft:stone_stairs",
    "minecraft:tuff_brick_stairs",
    "minecraft:tuff_stairs",
    "minecraft:warped_stairs",
    "minecraft:waxed_cut_copper_stairs",
    "minecraft:waxed_exposed_cut_copper_stairs",
    "minecraft:waxed_oxidized_cut_copper_stairs",
    "minecraft:waxed_weathered_cut_copper_stairs",
    "minecraft:weathered_cut_copper_stairs",
    "minecraft:acacia_trapdoor",
    "minecraft:bamboo_trapdoor",
    "minecraft:birch_trapdoor",
    "minecraft:cherry_trapdoor",
    "minecraft:copper_trapdoor",
    "minecraft:crimson_trapdoor",
    "minecraft:dark_oak_trapdoor",
    "minecraft:exposed_copper_trapdoor",
    "minecraft:iron_trapdoor",
    "minecraft:jungle_trapdoor",
    "minecraft:mangrove_trapdoor",
    "minecraft:oak_trapdoor",
    "minecraft:oxidized_copper_trapdoor",
    "minecraft:pale_oak_trapdoor",
    "minecraft:spruce_trapdoor",
    "minecraft:warped_trapdoor",
    "minecraft:waxed_copper_trapdoor",
    "minecraft:waxed_exposed_copper_trapdoor",
    "minecraft:waxed_oxidized_copper_trapdoor",
    "minecraft:waxed_weathered_copper_trapdoor",
    "minecraft:weathered_copper_trapdoor",
    "minecraft:acacia_wall_hanging_sign",
    "minecraft:acacia_wall_sign",
    "minecraft:bamboo_wall_hanging_sign",
    "minecraft:bamboo_wall_sign",
    "minecraft:big_dripleaf_stem",
    "minecraft:birch_wall_hanging_sign",
    "minecraft:birch_wall_sign",
    "minecraft:cherry_wall_hanging_sign",
    "minecraft:cherry_wall_sign",
    "minecraft:crimson_wall_hanging_sign",
    "minecraft:crimson_wall_sign",
    "minecraft:dark_oak_wall_hanging_sign",
    "minecraft:dark_oak_wall_sign",
    "minecraft:ender_chest",
    "minecraft:jungle_wall_hanging_sign",
    "minecraft:jungle_wall_sign",
    "minecraft:ladder",
    "minecraft:mangrove_wall_hanging_sign",
    "minecraft:mangrove_wall_sign",
    "minecraft:oak_wall_hanging_sign",
    "minecraft:oak_wall_sign",
    "minecraft:pale_oak_wall_hanging_sign",
    "minecraft:pale_oak_wall_sign",
    "minecraft:spruce_wall_hanging_sign",
    "minecraft:spruce_wall_sign",
    "minecraft:warped_wall_hanging_sign",
    "minecraft:warped_wall_sign",
    "minecraft:activator_rail",
    "minecraft:detector_rail",
    "minecraft:powered_rail",
    "minecraft:amethyst_cluster",
    "minecraft:large_amethyst_bud",
    "minecraft:medium_amethyst_bud",
    "minecraft:small_amethyst_bud",
    "minecraft:andesite_wall",
    "minecraft:blackstone_wall",
    "minecraft:brick_wall",
    "minecraft:cobbled_deepslate_wall",
    "minecraft:cobblestone_wall",
    "minecraft:deepslate_brick_wall",
    "minecraft:deepslate_tile_wall",
    "minecraft:diorite_wall",
    "minecraft:end_stone_brick_wall",
    "minecraft:granite_wall",
    "minecraft:mossy_cobblestone_wall",
    "minecraft:mossy_stone_brick_wall",
    "minecraft:mud_brick_wall",
    "minecraft:nether_brick_wall",
    "minecraft:polished_blackstone_brick_wall",
    "minecraft:polished_blackstone_wall",
    "minecraft:polished_deepslate_wall",
    "minecraft:polished_tuff_wall",
    "minecraft:prismarine_wall",
    "minecraft:red_nether_brick_wall",
    "minecraft:red_sandstone_wall",
    "minecraft:resin_brick_wall",
    "minecraft:sandstone_wall",
    "minecraft:stone_brick_wall",
    "minecraft:tuff_brick_wall",
    "minecraft:tuff_wall",
    "minecraft:anvil",
    "minecraft:attached_melon_stem",
    "minecraft:attached_pumpkin_stem",
    "minecraft:black_glazed_terracotta",
    "minecraft:black_wall_banner",
    "minecraft:blue_glazed_terracotta",
    "minecraft:blue_wall_banner",
    "minecraft:brown_glazed_terracotta",
    "minecraft:brown_wall_banner",
    "minecraft:carved_pumpkin",
    "minecraft:chipped_anvil",
    "minecraft:cyan_glazed_terracotta",
    "minecraft:cyan_wall_banner",
    "minecraft:damaged_anvil",
    "minecraft:gray_glazed_terracotta",
    "minecraft:gray_wall_banner",
    "minecraft:green_glazed_terracotta",
    "minecraft:green_wall_banner",
    "minecraft:jack_o_lantern",
    "minecraft:light_blue_glazed_terracotta",
    "minecraft:light_blue_wall_banner",
    "minecraft:light_gray_glazed_terracotta",
    "minecraft:light_gray_wall_banner",
    "minecraft:lime_glazed_terracotta",
    "minecraft:lime_wall_banner",
    "minecraft:loom",
    "minecraft:magenta_glazed_terracotta",
    "minecraft:magenta_wall_banner",
    "minecraft:orange_glazed_terracotta",
    "minecraft:orange_wall_banner",
    "minecraft:pink_glazed_terracotta",
    "minecraft:pink_wall_banner",
    "minecraft:purple_glazed_terracotta",
    "minecraft:purple_wall_banner",
    "minecraft:red_glazed_terracotta",
    "minecraft:red_wall_banner",
    "minecraft:soul_wall_torch",
    "minecraft:stonecutter",
    "minecraft:wall_torch",
    "minecraft:white_glazed_terracotta",
    "minecraft:white_wall_banner",
    "minecraft:yellow_glazed_terracotta",
    "minecraft:yellow_wall_banner",
    "minecraft:bamboo",
    "minecraft:barrel",
    "minecraft:barrier",
    "minecraft:copper_grate",
    "minecraft:exposed_copper_grate",
    "minecraft:hanging_roots",
    "minecraft:heavy_core",
    "minecraft:mangrove_roots",
    "minecraft:oxidized_copper_grate",
    "minecraft:waxed_copper_grate",
    "minecraft:waxed_exposed_copper_grate",
    "minecraft:waxed_oxidized_copper_grate",
    "minecraft:waxed_weathered_copper_grate",
    "minecraft:weathered_copper_grate",
    "minecraft:bee_nest",
    "minecraft:beehive",
    "minecraft:beetroots",
    "minecraft:frosted_ice",
    "minecraft:nether_wart",
    "minecraft:sweet_berry_bush",
    "minecraft:bell",
    "minecraft:big_dripleaf",
    "minecraft:black_banner",
    "minecraft:blue_banner",
    "minecraft:brown_banner",
    "minecraft:cyan_banner",
    "minecraft:gray_banner",
    "minecraft:green_banner",
    "minecraft:light_blue_banner",
    "minecraft:light_gray_banner",
    "minecraft:lime_banner",
    "minecraft:magenta_banner",
    "minecraft:orange_banner",
    "minecraft:pink_banner",
    "minecraft:purple_banner",
    "minecraft:red_banner",
    "minecraft:white_banner",
    "minecraft:yellow_banner",
    "minecraft:black_bed",
    "minecraft:blue_bed",
    "minecraft:brown_bed",
    "minecraft:cyan_bed",
    "minecraft:gray_bed",
    "minecraft:green_bed",
    "minecraft:light_blue_bed",
    "minecraft:light_gray_bed",
    "minecraft:lime_bed",
    "minecraft:magenta_bed",
    "minecraft:orange_bed",
    "minecraft:pink_bed",
    "minecraft:purple_bed",
    "minecraft:red_bed",
    "minecraft:white_bed",
    "minecraft:yellow_bed",
    "minecraft:black_candle",
    "minecraft:blue_candle",
    "minecraft:brown_candle",
    "minecraft:candle",
    "minecraft:cyan_candle",
    "minecraft:gray_candle",
    "minecraft:green_candle",
    "minecraft:light_blue_candle",
    "minecraft:light_gray_candle",
    "minecraft:lime_candle",
    "minecraft:magenta_candle",
    "minecraft:orange_candle",
    "minecraft:pink_candle",
    "minecraft:purple_candle",
    "minecraft:red_candle",
    "minecraft:white_candle",
    "minecraft:yellow_candle",
    "minecraft:black_candle_cake",
    "minecraft:blue_candle_cake",
    "minecraft:brown_candle_cake",
    "minecraft:candle_cake",
    "minecraft:cyan_candle_cake",
    "minecraft:deepslate_redstone_ore",
    "minecraft:gray_candle_cake",
    "minecraft:green_candle_cake",
    "minecraft:light_blue_candle_cake",
    "minecraft:light_gray_candle_cake",
    "minecraft:lime_candle_cake",
    "minecraft:magenta_candle_cake",
    "minecraft:orange_candle_cake",
    "minecraft:pink_candle_cake",
    "minecraft:purple_candle_cake",
    "minecraft:red_candle_cake",
    "minecraft:redstone_lamp",
    "minecraft:redstone_ore",
    "minecraft:white_candle_cake",
    "minecraft:yellow_candle_cake",
    "minecraft:black_shulker_box",
    "minecraft:blue_shulker_box",
    "minecraft:brown_shulker_box",
    "minecraft:cyan_shulker_box",
    "minecraft:end_rod",
    "minecraft:gray_shulker_box",
    "minecraft:green_shulker_box",
    "minecraft:light_blue_shulker_box",
    "minecraft:light_gray_shulker_box",
    "minecraft:lime_shulker_box",
    "minecraft:magenta_shulker_box",
    "minecraft:orange_shulker_box",
    "minecraft:pink_shulker_box",
    "minecraft:purple_shulker_box",
    "minecraft:red_shulker_box",
    "minecraft:shulker_box",
    "minecraft:white_shulker_box",
    "minecraft:yellow_shulker_box",
    "minecraft:blast_furnace",
    "minecraft:furnace",
    "minecraft:smoker",
    "minecraft:brain_coral",
    "minecraft:brain_coral_fan",
    "minecraft:bubble_coral",
    "minecraft:bubble_coral_fan",
    "minecraft:conduit",
    "minecraft:dead_brain_coral",
    "minecraft:dead_brain_coral_fan",
    "minecraft:dead_bubble_coral",
    "minecraft:dead_bubble_coral_fan",
    "minecraft:dead_fire_coral",
    "minecraft:dead_fire_coral_fan",
    "minecraft:dead_horn_coral",
    "minecraft:dead_horn_coral_fan",
    "minecraft:dead_tube_coral",
    "minecraft:dead_tube_coral_fan",
    "minecraft:fire_coral",
    "minecraft:fire_coral_fan",
    "minecraft:horn_coral",
    "minecraft:horn_coral_fan",
    "minecraft:tube_coral",
    "minecraft:tube_coral_fan",
    "minecraft:brain_coral_wall_fan",
    "minecraft:bubble_coral_wall_fan",
    "minecraft:dead_brain_coral_wall_fan",
    "minecraft:dead_bubble_coral_wall_fan",
    "minecraft:dead_fire_coral_wall_fan",
    "minecraft:dead_horn_coral_wall_fan",
    "minecraft:dead_tube_coral_wall_fan",
    "minecraft:fire_coral_wall_fan",
    "minecraft:horn_coral_wall_fan",
    "minecraft:tube_coral_wall_fan",
    "minecraft:brewing_stand",
    "minecraft:brown_mushroom_block",
    "minecraft:mushroom_stem",
    "minecraft:red_mushroom_block",
    "minecraft:bubble_column",
    "minecraft:cactus",
    "minecraft:sugar_cane",
    "minecraft:cake",
    "minecraft:calibrated_sculk_sensor",
    "minecraft:campfire",
    "minecraft:soul_campfire",
    "minecraft:carrots",
    "minecraft:melon_stem",
    "minecraft:potatoes",
    "minecraft:pumpkin_stem",
    "minecraft:wheat",
    "minecraft:cave_vines",
    "minecraft:cave_vines_plant",
    "minecraft:chain",
    "minecraft:chain_command_block",
    "minecraft:command_block",
    "minecraft:repeating_command_block",
    "minecraft:chest",
    "minecraft:trapped_chest",
    "minecraft:chiseled_bookshelf",
    "minecraft:chorus_flower",
    "minecraft:chorus_plant",
    "minecraft:cocoa",
    "minecraft:comparator",
    "minecraft:composter",
    "minecraft:copper_bulb",
    "minecraft:exposed_copper_bulb",
    "minecraft:oxidized_copper_bulb",
    "minecraft:waxed_copper_bulb",
    "minecraft:waxed_exposed_copper_bulb",
    "minecraft:waxed_oxidized_copper_bulb",
    "minecraft:waxed_weathered_copper_bulb",
    "minecraft:weathered_copper_bulb",
    "minecraft:crafter",
    "minecraft:creaking_heart",
    "minecraft:creeper_head",
    "minecraft:dragon_head",
    "minecraft:piglin_head",
    "minecraft:player_head",
    "minecraft:skeleton_skull",
    "minecraft:wither_skeleton_skull",
    "minecraft:zombie_head",
    "minecraft:creeper_wall_head",
    "minecraft:dragon_wall_head",
    "minecraft:piglin_wall_head",
    "minecraft:player_wall_head",
    "minecraft:skeleton_wall_skull",
    "minecraft:wither_skeleton_wall_skull",
    "minecraft:zombie_wall_head",
    "minecraft:daylight_detector",
    "minecraft:decorated_pot",
    "minecraft:dispenser",
    "minecraft:dropper",
    "minecraft:end_portal_frame",
    "minecraft:farmland",
    "minecraft:fire",
    "minecraft:glow_lichen",
    "minecraft:resin_clump",
    "minecraft:sculk_vein",
    "minecraft:grass_block",
    "minecraft:mycelium",
    "minecraft:podzol",
    "minecraft:grindstone",
    "minecraft:heavy_weighted_pressure_plate",
    "minecraft:light_weighted_pressure_plate",
    "minecraft:target",
    "minecraft:hopper",
    "minecraft:jigsaw",
    "minecraft:jukebox",
    "minecraft:kelp",
    "minecraft:twisting_vines",
    "minecraft:weeping_vines",
    "minecraft:lantern",
    "minecraft:soul_lantern",
    "minecraft:large_fern",
    "minecraft:lilac",
    "minecraft:peony",
    "minecraft:pitcher_plant",
    "minecraft:rose_bush",
    "minecraft:sunflower",
    "minecraft:tall_grass",
    "minecraft:tall_seagrass",
    "minecraft:lava",
    "minecraft:water",
    "minecraft:leaf_litter",
    "minecraft:lectern",
    "minecraft:light",
    "minecraft:lightning_rod",
    "minecraft:mangrove_propagule",
    "minecraft:moving_piston",
    "minecraft:nether_portal",
    "minecraft:note_block",
    "minecraft:observer",
    "minecraft:pale_hanging_moss",
    "minecraft:pale_moss_carpet",
    "minecraft:pink_petals",
    "minecraft:wildflowers",
    "minecraft:piston",
    "minecraft:sticky_piston",
    "minecraft:piston_head",
    "minecraft:pitcher_crop",
    "minecraft:pointed_dripstone",
    "minecraft:powder_snow_cauldron",
    "minecraft:water_cauldron",
    "minecraft:rail",
    "minecraft:redstone_torch",
    "minecraft:redstone_wall_torch",
    "minecraft:redstone_wire",
    "minecraft:repeater",
    "minecraft:respawn_anchor",
    "minecraft:scaffolding",
    "minecraft:sculk_catalyst",
    "minecraft:sculk_sensor",
    "minecraft:sculk_shrieker",
    "minecraft:sea_pickle",
    "minecraft:small_dripleaf",
    "minecraft:sniffer_egg",
    "minecraft:snow",
    "minecraft:structure_block",
    "minecraft:suspicious_gravel",
    "minecraft:suspicious_sand",
    "minecraft:test_block",
    "minecraft:tnt",
    "minecraft:torchflower_crop",
    "minecraft:trial_spawner",
    "minecraft:tripwire",
    "minecraft:tripwire_hook",
    "minecraft:turtle_egg",
    "minecraft:vault",
    "minecraft:vine"
  ]
}
