{
  "__bookshelf__": {
    "feature": true,
    "documentation": "https://docs.mcbookshelf.dev/en/latest/modules/hitbox.html#blocks",
    "authors": [
      "Aksiome"
    ],
    "created": {
      "date": "2025/01/24",
      "minecraft_version": "1.21.4"
    },
    "updated": {
      "date": "2025/03/10",
      "minecraft_version": "1.21.4"
    }
  },
  "replace": true,
  "values": [
    "minecraft:acacia_button",
    "minecraft:acacia_hanging_sign",
    "minecraft:acacia_pressure_plate",
    "minecraft:acacia_sapling",
    "minecraft:acacia_sign",
    "minecraft:acacia_wall_sign",
    "minecraft:activator_rail",
    "minecraft:air",
    "minecraft:allium",
    "minecraft:attached_melon_stem",
    "minecraft:attached_pumpkin_stem",
    "minecraft:azure_bluet",
    "minecraft:bamboo_button",
    "minecraft:bamboo_hanging_sign",
    "minecraft:bamboo_pressure_plate",
    "minecraft:bamboo_sapling",
    "minecraft:bamboo_sign",
    "minecraft:bamboo_wall_sign",
    "minecraft:beetroots",
    "minecraft:big_dripleaf_stem",
    "minecraft:birch_button",
    "minecraft:birch_hanging_sign",
    "minecraft:birch_pressure_plate",
    "minecraft:birch_sapling",
    "minecraft:birch_sign",
    "minecraft:birch_wall_sign",
    "minecraft:black_banner",
    "minecraft:black_wall_banner",
    "minecraft:blue_banner",
    "minecraft:blue_orchid",
    "minecraft:blue_wall_banner",
    "minecraft:brain_coral",
    "minecraft:brain_coral_fan",
    "minecraft:brain_coral_wall_fan",
    "minecraft:brown_banner",
    "minecraft:brown_mushroom",
    "minecraft:brown_wall_banner",
    "minecraft:bubble_column",
    "minecraft:bubble_coral",
    "minecraft:bubble_coral_fan",
    "minecraft:bubble_coral_wall_fan",
    "minecraft:bush",
    "minecraft:cactus_flower",
    "minecraft:carrots",
    "minecraft:cave_air",
    "minecraft:cave_vines",
    "minecraft:cave_vines_plant",
    "minecraft:cherry_button",
    "minecraft:cherry_hanging_sign",
    "minecraft:cherry_pressure_plate",
    "minecraft:cherry_sapling",
    "minecraft:cherry_sign",
    "minecraft:cherry_wall_sign",
    "minecraft:closed_eyeblossom",
    "minecraft:cobweb",
    "minecraft:cornflower",
    "minecraft:crimson_button",
    "minecraft:crimson_fungus",
    "minecraft:crimson_hanging_sign",
    "minecraft:crimson_pressure_plate",
    "minecraft:crimson_roots",
    "minecraft:crimson_sign",
    "minecraft:crimson_wall_sign",
    "minecraft:cyan_banner",
    "minecraft:cyan_wall_banner",
    "minecraft:dandelion",
    "minecraft:dark_oak_button",
    "minecraft:dark_oak_hanging_sign",
    "minecraft:dark_oak_pressure_plate",
    "minecraft:dark_oak_sapling",
    "minecraft:dark_oak_sign",
    "minecraft:dark_oak_wall_sign",
    "minecraft:dead_brain_coral",
    "minecraft:dead_brain_coral_fan",
    "minecraft:dead_brain_coral_wall_fan",
    "minecraft:dead_bubble_coral",
    "minecraft:dead_bubble_coral_fan",
    "minecraft:dead_bubble_coral_wall_fan",
    "minecraft:dead_bush",
    "minecraft:dead_fire_coral",
    "minecraft:dead_fire_coral_fan",
    "minecraft:dead_fire_coral_wall_fan",
    "minecraft:dead_horn_coral",
    "minecraft:dead_horn_coral_fan",
    "minecraft:dead_horn_coral_wall_fan",
    "minecraft:dead_tube_coral",
    "minecraft:dead_tube_coral_fan",
    "minecraft:dead_tube_coral_wall_fan",
    "minecraft:detector_rail",
    "minecraft:end_gateway",
    "minecraft:end_portal",
    "minecraft:fern",
    "minecraft:fire",
    "minecraft:fire_coral",
    "minecraft:fire_coral_fan",
    "minecraft:fire_coral_wall_fan",
    "minecraft:firefly_bush",
    "minecraft:frogspawn",
    "minecraft:glow_lichen",
    "minecraft:gray_banner",
    "minecraft:gray_wall_banner",
    "minecraft:green_banner",
    "minecraft:green_wall_banner",
    "minecraft:hanging_roots",
    "minecraft:heavy_weighted_pressure_plate",
    "minecraft:horn_coral",
    "minecraft:horn_coral_fan",
    "minecraft:horn_coral_wall_fan",
    "minecraft:jungle_button",
    "minecraft:jungle_hanging_sign",
    "minecraft:jungle_pressure_plate",
    "minecraft:jungle_sapling",
    "minecraft:jungle_sign",
    "minecraft:jungle_wall_sign",
    "minecraft:kelp",
    "minecraft:kelp_plant",
    "minecraft:large_fern",
    "minecraft:lava",
    "minecraft:leaf_litter",
    "minecraft:lever",
    "minecraft:light",
    "minecraft:light_blue_banner",
    "minecraft:light_blue_wall_banner",
    "minecraft:light_gray_banner",
    "minecraft:light_gray_wall_banner",
    "minecraft:light_weighted_pressure_plate",
    "minecraft:lilac",
    "minecraft:lily_of_the_valley",
    "minecraft:lime_banner",
    "minecraft:lime_wall_banner",
    "minecraft:magenta_banner",
    "minecraft:magenta_wall_banner",
    "minecraft:mangrove_button",
    "minecraft:mangrove_hanging_sign",
    "minecraft:mangrove_pressure_plate",
    "minecraft:mangrove_propagule",
    "minecraft:mangrove_sign",
    "minecraft:mangrove_wall_sign",
    "minecraft:melon_stem",
    "minecraft:moving_piston",
    "minecraft:nether_portal",
    "minecraft:nether_sprouts",
    "minecraft:nether_wart",
    "minecraft:oak_button",
    "minecraft:oak_hanging_sign",
    "minecraft:oak_pressure_plate",
    "minecraft:oak_sapling",
    "minecraft:oak_sign",
    "minecraft:oak_wall_sign",
    "minecraft:open_eyeblossom",
    "minecraft:orange_banner",
    "minecraft:orange_tulip",
    "minecraft:orange_wall_banner",
    "minecraft:oxeye_daisy",
    "minecraft:pale_hanging_moss",
    "minecraft:pale_oak_button",
    "minecraft:pale_oak_hanging_sign",
    "minecraft:pale_oak_pressure_plate",
    "minecraft:pale_oak_sapling",
    "minecraft:pale_oak_sign",
    "minecraft:pale_oak_wall_sign",
    "minecraft:peony",
    "minecraft:pink_banner",
    "minecraft:pink_petals",
    "minecraft:pink_tulip",
    "minecraft:pink_wall_banner",
    "minecraft:pitcher_plant",
    "minecraft:polished_blackstone_button",
    "minecraft:polished_blackstone_pressure_plate",
    "minecraft:poppy",
    "minecraft:potatoes",
    "minecraft:powered_rail",
    "minecraft:pumpkin_stem",
    "minecraft:purple_banner",
    "minecraft:purple_wall_banner",
    "minecraft:rail",
    "minecraft:red_banner",
    "minecraft:red_mushroom",
    "minecraft:red_tulip",
    "minecraft:red_wall_banner",
    "minecraft:redstone_torch",
    "minecraft:redstone_wall_torch",
    "minecraft:redstone_wire",
    "minecraft:resin_clump",
    "minecraft:rose_bush",
    "minecraft:sculk_vein",
    "minecraft:seagrass",
    "minecraft:short_dry_grass",
    "minecraft:short_grass",
    "minecraft:small_dripleaf",
    "minecraft:soul_fire",
    "minecraft:soul_torch",
    "minecraft:soul_wall_torch",
    "minecraft:spore_blossom",
    "minecraft:spruce_button",
    "minecraft:spruce_hanging_sign",
    "minecraft:spruce_pressure_plate",
    "minecraft:spruce_sapling",
    "minecraft:spruce_sign",
    "minecraft:spruce_wall_sign",
    "minecraft:stone_button",
    "minecraft:stone_pressure_plate",
    "minecraft:structure_void",
    "minecraft:sugar_cane",
    "minecraft:sunflower",
    "minecraft:sweet_berry_bush",
    "minecraft:tall_dry_grass",
    "minecraft:tall_grass",
    "minecraft:tall_seagrass",
    "minecraft:torch",
    "minecraft:torchflower",
    "minecraft:torchflower_crop",
    "minecraft:tripwire",
    "minecraft:tripwire_hook",
    "minecraft:tube_coral",
    "minecraft:tube_coral_fan",
    "minecraft:tube_coral_wall_fan",
    "minecraft:twisting_vines",
    "minecraft:twisting_vines_plant",
    "minecraft:vine",
    "minecraft:void_air",
    "minecraft:wall_torch",
    "minecraft:warped_button",
    "minecraft:warped_fungus",
    "minecraft:warped_hanging_sign",
    "minecraft:warped_pressure_plate",
    "minecraft:warped_roots",
    "minecraft:warped_sign",
    "minecraft:warped_wall_sign",
    "minecraft:water",
    "minecraft:weeping_vines",
    "minecraft:weeping_vines_plant",
    "minecraft:wheat",
    "minecraft:white_banner",
    "minecraft:white_tulip",
    "minecraft:white_wall_banner",
    "minecraft:wildflowers",
    "minecraft:wither_rose",
    "minecraft:yellow_banner",
    "minecraft:yellow_wall_banner"
  ]
}
