{
  "__bookshelf__": {
    "feature": true,
    "documentation": "https://docs.mcbookshelf.dev/en/latest/modules/hitbox.html#blocks",
    "authors": [
      "Aksiome"
    ],
    "created": {
      "date": "2024/09/28",
      "minecraft_version": "1.21"
    },
    "updated": {
      "date": "2025/03/10",
      "minecraft_version": "1.21.4"
    }
  },
  "replace": true,
  "values": [
    "minecraft:allium",
    "minecraft:azure_bluet",
    "minecraft:bamboo",
    "minecraft:bamboo_sapling",
    "minecraft:blue_orchid",
    "minecraft:closed_eyeblossom",
    "minecraft:cornflower",
    "minecraft:dandelion",
    "minecraft:lily_of_the_valley",
    "minecraft:mangrove_propagule",
    "minecraft:open_eyeblossom",
    "minecraft:orange_tulip",
    "minecraft:oxeye_daisy",
    "minecraft:pink_tulip",
    "minecraft:pointed_dripstone",
    "minecraft:poppy",
    "minecraft:red_tulip",
    "minecraft:torchflower",
    "minecraft:white_tulip",
    "minecraft:wither_rose"
  ]
}
