{
  "__bookshelf__": {
    "feature": true,
    "documentation": "https://docs.mcbookshelf.dev/en/latest/modules/hitbox.html#blocks",
    "authors": [
      "Aksiome"
    ],
    "created": {
      "date": "2024/09/28",
      "minecraft_version": "1.21"
    },
    "updated": {
      "date": "2025/03/10",
      "minecraft_version": "1.21.4"
    }
  },
  "replace": true,
  "values": [
    "minecraft:air",
    "minecraft:bubble_column",
    "minecraft:cave_air",
    "minecraft:lava",
    "minecraft:light",
    "minecraft:moving_piston",
    "minecraft:structure_void",
    "minecraft:void_air",
    "minecraft:water"
  ]
}
