{
  "__bookshelf__": {
    "feature": true,
    "documentation": "https://docs.mcbookshelf.dev/en/latest/modules/block.html#manage-state",
    "authors": [
      "Aksiome"
    ],
    "created": {
      "date": "2024/01/15",
      "minecraft_version": "1.20.4"
    },
    "updated": {
      "date": "2024/01/15",
      "minecraft_version": "1.20.4"
    }
  },
  "replace": true,
  "values": [
    "bs.block:transform/keep_properties/keep_properties",
    "bs.block:get/compile/block"
  ]
}
