{
  "__bookshelf__": {
    "feature": true,
    "documentation": "https://docs.mcbookshelf.dev/en/latest/modules/block.html#manage-type",
    "authors": [
      "Aksiome"
    ],
    "contributors": [
      "theogiraudet"
    ],
    "created": {
      "date": "2024/06/08",
      "minecraft_version": "1.20.6"
    },
    "updated": {
      "date": "2024/06/11",
      "minecraft_version": "1.20.6"
    }
  },
  "replace": true,
  "values": [
    "bs.block:transform/type_mappings/with_registry",
    "bs.block:transform/type_mappings/mix_type"
  ]
}
