{
  "__bookshelf__": {
    "feature": true,
    "documentation": "https://docs.mcbookshelf.dev/en/latest/modules/block.html#produce",
    "authors": [
      "Aksiome",
      "theogiraudet"
    ],
    "created": {
      "date": "2024/01/15",
      "minecraft_version": "1.20.4"
    },
    "updated": {
      "date": "2024/01/15",
      "minecraft_version": "1.20.4"
    }
  },
  "replace": true,
  "values": [
    "bs.block:produce/block_display/spawn_solid_block_display"
  ]
}
