{
  "__bookshelf__": {
    "feature": true,
    "documentation": "https://docs.mcbookshelf.dev/en/latest/modules/environment.html#get-temperature",
    "authors": [
      "Aksiome",
      "theogiraudet"
    ],
    "created": {
      "date": "2018/08/16",
      "minecraft_version": "1.14"
    },
    "updated": {
      "date": "2024/04/22",
      "minecraft_version": "1.20.5"
    }
  },
  "replace": true,
  "values": [
    "bs.environment:get/temperature/get_temperature"
  ]
}
