{
  "values": [
    "#bs.load:process/cleanup",
    "#bs.load:process/enumerate",
    "#bs.load:process/resolve",
    "#bs.load:process/validate",
    {
      "id": "#bs.load:module/bitwise",
      "required": false
    },
    {
      "id": "#bs.load:module/block",
      "required": false
    },
    {
      "id": "#bs.load:module/color",
      "required": false
    },
    {
      "id": "#bs.load:module/dump",
      "required": false
    },
    {
      "id": "#bs.load:module/environment",
      "required": false
    },
    {
      "id": "#bs.load:module/generation",
      "required": false
    },
    {
      "id": "#bs.load:module/health",
      "required": false
    },
    {
      "id": "#bs.load:module/hitbox",
      "required": false
    },
    {
      "id": "#bs.load:module/id",
      "required": false
    },
    {
      "id": "#bs.load:module/interaction",
      "required": false
    },
    {
      "id": "#bs.load:module/link",
      "required": false
    },
    {
      "id": "#bs.load:module/log",
      "required": false
    },
    {
      "id": "#bs.load:module/math",
      "required": false
    },
    {
      "id": "#bs.load:module/move",
      "required": false
    },
    {
      "id": "#bs.load:module/position",
      "required": false
    },
    {
      "id": "#bs.load:module/random",
      "required": false
    },
    {
      "id": "#bs.load:module/raycast",
      "required": false
    },
    {
      "id": "#bs.load:module/schedule",
      "required": false
    },
    {
      "id": "#bs.load:module/sidebar",
      "required": false
    },
    {
      "id": "#bs.load:module/spline",
      "required": false
    },
    {
      "id": "#bs.load:module/string",
      "required": false
    },
    {
      "id": "#bs.load:module/time",
      "required": false
    },
    {
      "id": "#bs.load:module/tree",
      "required": false
    },
    {
      "id": "#bs.load:module/vector",
      "required": false
    },
    {
      "id": "#bs.load:module/view",
      "required": false
    },
    {
      "id": "#bs.load:module/xp",
      "required": false
    }
  ]
}
