{"minecraft:recipes/decorations/crafting_table":{"criteria":{"unlock_right_away":"2025-04-30 17:09:38 +0800"},"done":true},"minecraft:adventure/adventuring_time":{"criteria":{"minecraft:plains":"2025-04-30 17:09:39 +0800"},"done":false},"minecraft:recipes/building_blocks/stone_bricks":{"criteria":{"has_stone":"2025-04-30 17:17:03 +0800"},"done":true},"minecraft:recipes/building_blocks/stone_brick_slab_from_stone_stonecutting":{"criteria":{"has_stone":"2025-04-30 17:17:03 +0800"},"done":true},"minecraft:recipes/building_blocks/stone_brick_stairs_from_stone_stonecutting":{"criteria":{"has_stone":"2025-04-30 17:17:03 +0800"},"done":true},"minecraft:recipes/building_blocks/stone_slab_from_stone_stonecutting":{"criteria":{"has_stone":"2025-04-30 17:17:03 +0800"},"done":true},"minecraft:recipes/building_blocks/stone_bricks_from_stone_stonecutting":{"criteria":{"has_stone":"2025-04-30 17:17:03 +0800"},"done":true},"minecraft:recipes/building_blocks/stone_slab":{"criteria":{"has_stone":"2025-04-30 17:17:03 +0800"},"done":true},"minecraft:recipes/building_blocks/chiseled_stone_bricks_stone_from_stonecutting":{"criteria":{"has_stone":"2025-04-30 17:17:03 +0800"},"done":true},"minecraft:recipes/building_blocks/stone_stairs_from_stone_stonecutting":{"criteria":{"has_stone":"2025-04-30 17:17:03 +0800"},"done":true},"minecraft:recipes/redstone/stone_button":{"criteria":{"has_stone":"2025-04-30 17:17:03 +0800"},"done":true},"minecraft:recipes/decorations/stonecutter":{"criteria":{"has_stone":"2025-04-30 17:17:03 +0800"},"done":true},"minecraft:recipes/redstone/stone_pressure_plate":{"criteria":{"has_stone":"2025-04-30 17:17:03 +0800"},"done":true},"minecraft:recipes/building_blocks/smooth_stone":{"criteria":{"has_stone":"2025-04-30 17:17:03 +0800"},"done":true},"minecraft:recipes/decorations/stone_brick_walls_from_stone_stonecutting":{"criteria":{"has_stone":"2025-04-30 17:17:03 +0800"},"done":true},"minecraft:recipes/building_blocks/stone_stairs":{"criteria":{"has_stone":"2025-04-30 17:17:03 +0800"},"done":true},"DataVersion":4189}