{"minecraft:recipes/decorations/crafting_table":{"criteria":{"unlock_right_away":"2025-04-29 17:26:05 +0800"},"done":true},"minecraft:adventure/adventuring_time":{"criteria":{"minecraft:plains":"2025-04-29 17:26:06 +0800"},"done":false},"minecraft:story/shiny_gear":{"criteria":{"diamond_boots":"2025-04-29 17:30:36 +0800"},"done":true},"minecraft:recipes/decorations/chest":{"criteria":{"has_lots_of_items":"2025-04-29 17:30:43 +0800"},"done":true},"minecraft:recipes/decorations/blast_furnace":{"criteria":{"has_smooth_stone":"2025-04-29 17:46:25 +0800"},"done":true},"minecraft:recipes/building_blocks/smooth_stone_slab":{"criteria":{"has_smooth_stone":"2025-04-29 17:46:25 +0800"},"done":true},"minecraft:recipes/building_blocks/smooth_stone_slab_from_smooth_stone_stonecutting":{"criteria":{"has_smooth_stone":"2025-04-29 17:46:25 +0800"},"done":true},"minecraft:recipes/misc/charcoal":{"criteria":{"has_log":"2025-04-29 17:47:30 +0800"},"done":true},"minecraft:recipes/building_blocks/oak_planks":{"criteria":{"has_logs":"2025-04-29 17:47:30 +0800"},"done":true},"minecraft:recipes/building_blocks/oak_wood":{"criteria":{"has_log":"2025-04-29 17:47:30 +0800"},"done":true},"minecraft:recipes/redstone/redstone":{"criteria":{"has_redstone_block":"2025-04-29 17:48:50 +0800"},"done":true},"minecraft:recipes/redstone/redstone_torch":{"criteria":{"has_redstone":"2025-04-29 17:49:13 +0800"},"done":true},"minecraft:recipes/tools/clock":{"criteria":{"has_redstone":"2025-04-29 17:49:13 +0800"},"done":true},"minecraft:recipes/redstone/dropper":{"criteria":{"has_redstone":"2025-04-29 17:49:13 +0800"},"done":true},"minecraft:recipes/redstone/redstone_block":{"criteria":{"has_redstone":"2025-04-29 17:49:13 +0800"},"done":true},"minecraft:recipes/redstone/note_block":{"criteria":{"has_redstone":"2025-04-29 17:49:13 +0800"},"done":true},"minecraft:recipes/redstone/target":{"criteria":{"has_redstone":"2025-04-29 17:49:13 +0800"},"done":true},"minecraft:recipes/tools/compass":{"criteria":{"has_redstone":"2025-04-29 17:49:13 +0800"},"done":true},"minecraft:recipes/redstone/piston":{"criteria":{"has_redstone":"2025-04-29 17:49:13 +0800"},"done":true},"minecraft:husbandry/make_a_sign_glow":{"criteria":{"make_a_sign_glow":"2025-04-29 17:49:47 +0800"},"done":true},"minecraft:recipes/decorations/glow_item_frame":{"criteria":{"has_glow_ink_sac":"2025-04-29 17:49:47 +0800"},"done":true},"DataVersion":4189}