{"minecraft:nether/explore_nether":{"criteria":{"minecraft:crimson_forest":"2025-04-30 17:15:11 +0800"},"done":false},"minecraft:nether/root":{"criteria":{"entered_nether":"2025-04-30 17:15:11 +0800"},"done":true},"minecraft:recipes/misc/charcoal":{"criteria":{"has_log":"2025-04-30 17:16:25 +0800"},"done":true},"minecraft:story/enter_the_nether":{"criteria":{"entered_nether":"2025-04-30 17:15:11 +0800"},"done":true},"minecraft:recipes/decorations/crafting_table":{"criteria":{"unlock_right_away":"2025-04-30 17:13:32 +0800"},"done":true},"minecraft:recipes/building_blocks/oak_planks":{"criteria":{"has_logs":"2025-04-30 17:16:25 +0800"},"done":true},"minecraft:adventure/adventuring_time":{"criteria":{"minecraft:plains":"2025-04-30 17:13:33 +0800"},"done":false},"minecraft:recipes/building_blocks/oak_wood":{"criteria":{"has_log":"2025-04-30 17:16:25 +0800"},"done":true},"minecraft:nether/netherite_armor":{"criteria":{"netherite_armor":"2025-04-30 17:15:35 +0800"},"done":true},"DataVersion":4189}