{
  "pools": [
    {
      "rolls": 1,
      "entries": [
        {
          "type": "alternatives",
          "children": [
            {
              "type": "loot_table",
              "value": "bs.block:get/18",
              "functions": [
                {
                  "function": "set_custom_data",
                  "tag": "{\"properties\":{\"instrument\":\"harp\"},\"_\":{1:\"instrument=harp,\"}}"
                }
              ],
              "conditions": [
                {
                  "condition": "location_check",
                  "predicate": {
                    "block": {
                      "state": {
                        "instrument": "harp"
                      }
                    }
                  }
                }
              ]
            },
            {
              "type": "loot_table",
              "value": "bs.block:get/18",
              "functions": [
                {
                  "function": "set_custom_data",
                  "tag": "{\"properties\":{\"instrument\":\"basedrum\"},\"_\":{1:\"instrument=basedrum,\"}}"
                }
              ],
              "conditions": [
                {
                  "condition": "location_check",
                  "predicate": {
                    "block": {
                      "state": {
                        "instrument": "basedrum"
                      }
                    }
                  }
                }
              ]
            },
            {
              "type": "loot_table",
              "value": "bs.block:get/18",
              "functions": [
                {
                  "function": "set_custom_data",
                  "tag": "{\"properties\":{\"instrument\":\"snare\"},\"_\":{1:\"instrument=snare,\"}}"
                }
              ],
              "conditions": [
                {
                  "condition": "location_check",
                  "predicate": {
                    "block": {
                      "state": {
                        "instrument": "snare"
                      }
                    }
                  }
                }
              ]
            },
            {
              "type": "loot_table",
              "value": "bs.block:get/18",
              "functions": [
                {
                  "function": "set_custom_data",
                  "tag": "{\"properties\":{\"instrument\":\"hat\"},\"_\":{1:\"instrument=hat,\"}}"
                }
              ],
              "conditions": [
                {
                  "condition": "location_check",
                  "predicate": {
                    "block": {
                      "state": {
                        "instrument": "hat"
                      }
                    }
                  }
                }
              ]
            },
            {
              "type": "loot_table",
              "value": "bs.block:get/18",
              "functions": [
                {
                  "function": "set_custom_data",
                  "tag": "{\"properties\":{\"instrument\":\"bass\"},\"_\":{1:\"instrument=bass,\"}}"
                }
              ],
              "conditions": [
                {
                  "condition": "location_check",
                  "predicate": {
                    "block": {
                      "state": {
                        "instrument": "bass"
                      }
                    }
                  }
                }
              ]
            },
            {
              "type": "loot_table",
              "value": "bs.block:get/18",
              "functions": [
                {
                  "function": "set_custom_data",
                  "tag": "{\"properties\":{\"instrument\":\"flute\"},\"_\":{1:\"instrument=flute,\"}}"
                }
              ],
              "conditions": [
                {
                  "condition": "location_check",
                  "predicate": {
                    "block": {
                      "state": {
                        "instrument": "flute"
                      }
                    }
                  }
                }
              ]
            },
            {
              "type": "loot_table",
              "value": "bs.block:get/18",
              "functions": [
                {
                  "function": "set_custom_data",
                  "tag": "{\"properties\":{\"instrument\":\"bell\"},\"_\":{1:\"instrument=bell,\"}}"
                }
              ],
              "conditions": [
                {
                  "condition": "location_check",
                  "predicate": {
                    "block": {
                      "state": {
                        "instrument": "bell"
                      }
                    }
                  }
                }
              ]
            },
            {
              "type": "loot_table",
              "value": "bs.block:get/18",
              "functions": [
                {
                  "function": "set_custom_data",
                  "tag": "{\"properties\":{\"instrument\":\"guitar\"},\"_\":{1:\"instrument=guitar,\"}}"
                }
              ],
              "conditions": [
                {
                  "condition": "location_check",
                  "predicate": {
                    "block": {
                      "state": {
                        "instrument": "guitar"
                      }
                    }
                  }
                }
              ]
            },
            {
              "type": "loot_table",
              "value": "bs.block:get/18",
              "functions": [
                {
                  "function": "set_custom_data",
                  "tag": "{\"properties\":{\"instrument\":\"chime\"},\"_\":{1:\"instrument=chime,\"}}"
                }
              ],
              "conditions": [
                {
                  "condition": "location_check",
                  "predicate": {
                    "block": {
                      "state": {
                        "instrument": "chime"
                      }
                    }
                  }
                }
              ]
            },
            {
              "type": "loot_table",
              "value": "bs.block:get/18",
              "functions": [
                {
                  "function": "set_custom_data",
                  "tag": "{\"properties\":{\"instrument\":\"xylophone\"},\"_\":{1:\"instrument=xylophone,\"}}"
                }
              ],
              "conditions": [
                {
                  "condition": "location_check",
                  "predicate": {
                    "block": {
                      "state": {
                        "instrument": "xylophone"
                      }
                    }
                  }
                }
              ]
            },
            {
              "type": "loot_table",
              "value": "bs.block:get/18",
              "functions": [
                {
                  "function": "set_custom_data",
                  "tag": "{\"properties\":{\"instrument\":\"iron_xylophone\"},\"_\":{1:\"instrument=iron_xylophone,\"}}"
                }
              ],
              "conditions": [
                {
                  "condition": "location_check",
                  "predicate": {
                    "block": {
                      "state": {
                        "instrument": "iron_xylophone"
                      }
                    }
                  }
                }
              ]
            },
            {
              "type": "loot_table",
              "value": "bs.block:get/18",
              "functions": [
                {
                  "function": "set_custom_data",
                  "tag": "{\"properties\":{\"instrument\":\"cow_bell\"},\"_\":{1:\"instrument=cow_bell,\"}}"
                }
              ],
              "conditions": [
                {
                  "condition": "location_check",
                  "predicate": {
                    "block": {
                      "state": {
                        "instrument": "cow_bell"
                      }
                    }
                  }
                }
              ]
            },
            {
              "type": "loot_table",
              "value": "bs.block:get/18",
              "functions": [
                {
                  "function": "set_custom_data",
                  "tag": "{\"properties\":{\"instrument\":\"didgeridoo\"},\"_\":{1:\"instrument=didgeridoo,\"}}"
                }
              ],
              "conditions": [
                {
                  "condition": "location_check",
                  "predicate": {
                    "block": {
                      "state": {
                        "instrument": "didgeridoo"
                      }
                    }
                  }
                }
              ]
            },
            {
              "type": "loot_table",
              "value": "bs.block:get/18",
              "functions": [
                {
                  "function": "set_custom_data",
                  "tag": "{\"properties\":{\"instrument\":\"bit\"},\"_\":{1:\"instrument=bit,\"}}"
                }
              ],
              "conditions": [
                {
                  "condition": "location_check",
                  "predicate": {
                    "block": {
                      "state": {
                        "instrument": "bit"
                      }
                    }
                  }
                }
              ]
            },
            {
              "type": "loot_table",
              "value": "bs.block:get/18",
              "functions": [
                {
                  "function": "set_custom_data",
                  "tag": "{\"properties\":{\"instrument\":\"banjo\"},\"_\":{1:\"instrument=banjo,\"}}"
                }
              ],
              "conditions": [
                {
                  "condition": "location_check",
                  "predicate": {
                    "block": {
                      "state": {
                        "instrument": "banjo"
                      }
                    }
                  }
                }
              ]
            },
            {
              "type": "loot_table",
              "value": "bs.block:get/18",
              "functions": [
                {
                  "function": "set_custom_data",
                  "tag": "{\"properties\":{\"instrument\":\"pling\"},\"_\":{1:\"instrument=pling,\"}}"
                }
              ],
              "conditions": [
                {
                  "condition": "location_check",
                  "predicate": {
                    "block": {
                      "state": {
                        "instrument": "pling"
                      }
                    }
                  }
                }
              ]
            },
            {
              "type": "loot_table",
              "value": "bs.block:get/18",
              "functions": [
                {
                  "function": "set_custom_data",
                  "tag": "{\"properties\":{\"instrument\":\"zombie\"},\"_\":{1:\"instrument=zombie,\"}}"
                }
              ],
              "conditions": [
                {
                  "condition": "location_check",
                  "predicate": {
                    "block": {
                      "state": {
                        "instrument": "zombie"
                      }
                    }
                  }
                }
              ]
            },
            {
              "type": "loot_table",
              "value": "bs.block:get/18",
              "functions": [
                {
                  "function": "set_custom_data",
                  "tag": "{\"properties\":{\"instrument\":\"skeleton\"},\"_\":{1:\"instrument=skeleton,\"}}"
                }
              ],
              "conditions": [
                {
                  "condition": "location_check",
                  "predicate": {
                    "block": {
                      "state": {
                        "instrument": "skeleton"
                      }
                    }
                  }
                }
              ]
            },
            {
              "type": "loot_table",
              "value": "bs.block:get/18",
              "functions": [
                {
                  "function": "set_custom_data",
                  "tag": "{\"properties\":{\"instrument\":\"creeper\"},\"_\":{1:\"instrument=creeper,\"}}"
                }
              ],
              "conditions": [
                {
                  "condition": "location_check",
                  "predicate": {
                    "block": {
                      "state": {
                        "instrument": "creeper"
                      }
                    }
                  }
                }
              ]
            },
            {
              "type": "loot_table",
              "value": "bs.block:get/18",
              "functions": [
                {
                  "function": "set_custom_data",
                  "tag": "{\"properties\":{\"instrument\":\"dragon\"},\"_\":{1:\"instrument=dragon,\"}}"
                }
              ],
              "conditions": [
                {
                  "condition": "location_check",
                  "predicate": {
                    "block": {
                      "state": {
                        "instrument": "dragon"
                      }
                    }
                  }
                }
              ]
            },
            {
              "type": "loot_table",
              "value": "bs.block:get/18",
              "functions": [
                {
                  "function": "set_custom_data",
                  "tag": "{\"properties\":{\"instrument\":\"wither_skeleton\"},\"_\":{1:\"instrument=wither_skeleton,\"}}"
                }
              ],
              "conditions": [
                {
                  "condition": "location_check",
                  "predicate": {
                    "block": {
                      "state": {
                        "instrument": "wither_skeleton"
                      }
                    }
                  }
                }
              ]
            },
            {
              "type": "loot_table",
              "value": "bs.block:get/18",
              "functions": [
                {
                  "function": "set_custom_data",
                  "tag": "{\"properties\":{\"instrument\":\"piglin\"},\"_\":{1:\"instrument=piglin,\"}}"
                }
              ],
              "conditions": [
                {
                  "condition": "location_check",
                  "predicate": {
                    "block": {
                      "state": {
                        "instrument": "piglin"
                      }
                    }
                  }
                }
              ]
            },
            {
              "type": "loot_table",
              "value": "bs.block:get/18",
              "functions": [
                {
                  "function": "set_custom_data",
                  "tag": "{\"properties\":{\"instrument\":\"custom_head\"},\"_\":{1:\"instrument=custom_head,\"}}"
                }
              ],
              "conditions": [
                {
                  "condition": "location_check",
                  "predicate": {
                    "block": {
                      "state": {
                        "instrument": "custom_head"
                      }
                    }
                  }
                }
              ]
            }
          ]
        }
      ]
    }
  ]
}
