{
  "pools": [
    {
      "rolls": 1,
      "entries": [
        {
          "type": "alternatives",
          "children": [
            {
              "type": "loot_table",
              "value": "bs.block:get/114",
              "functions": [
                {
                  "function": "set_custom_data",
                  "tag": "{\"properties\":{\"note\":\"0\"},\"_\":{2:\"note=0,\"}}"
                }
              ],
              "conditions": [
                {
                  "condition": "location_check",
                  "predicate": {
                    "block": {
                      "state": {
                        "note": "0"
                      }
                    }
                  }
                }
              ]
            },
            {
              "type": "loot_table",
              "value": "bs.block:get/114",
              "functions": [
                {
                  "function": "set_custom_data",
                  "tag": "{\"properties\":{\"note\":\"1\"},\"_\":{2:\"note=1,\"}}"
                }
              ],
              "conditions": [
                {
                  "condition": "location_check",
                  "predicate": {
                    "block": {
                      "state": {
                        "note": "1"
                      }
                    }
                  }
                }
              ]
            },
            {
              "type": "loot_table",
              "value": "bs.block:get/114",
              "functions": [
                {
                  "function": "set_custom_data",
                  "tag": "{\"properties\":{\"note\":\"2\"},\"_\":{2:\"note=2,\"}}"
                }
              ],
              "conditions": [
                {
                  "condition": "location_check",
                  "predicate": {
                    "block": {
                      "state": {
                        "note": "2"
                      }
                    }
                  }
                }
              ]
            },
            {
              "type": "loot_table",
              "value": "bs.block:get/114",
              "functions": [
                {
                  "function": "set_custom_data",
                  "tag": "{\"properties\":{\"note\":\"3\"},\"_\":{2:\"note=3,\"}}"
                }
              ],
              "conditions": [
                {
                  "condition": "location_check",
                  "predicate": {
                    "block": {
                      "state": {
                        "note": "3"
                      }
                    }
                  }
                }
              ]
            },
            {
              "type": "loot_table",
              "value": "bs.block:get/114",
              "functions": [
                {
                  "function": "set_custom_data",
                  "tag": "{\"properties\":{\"note\":\"4\"},\"_\":{2:\"note=4,\"}}"
                }
              ],
              "conditions": [
                {
                  "condition": "location_check",
                  "predicate": {
                    "block": {
                      "state": {
                        "note": "4"
                      }
                    }
                  }
                }
              ]
            },
            {
              "type": "loot_table",
              "value": "bs.block:get/114",
              "functions": [
                {
                  "function": "set_custom_data",
                  "tag": "{\"properties\":{\"note\":\"5\"},\"_\":{2:\"note=5,\"}}"
                }
              ],
              "conditions": [
                {
                  "condition": "location_check",
                  "predicate": {
                    "block": {
                      "state": {
                        "note": "5"
                      }
                    }
                  }
                }
              ]
            },
            {
              "type": "loot_table",
              "value": "bs.block:get/114",
              "functions": [
                {
                  "function": "set_custom_data",
                  "tag": "{\"properties\":{\"note\":\"6\"},\"_\":{2:\"note=6,\"}}"
                }
              ],
              "conditions": [
                {
                  "condition": "location_check",
                  "predicate": {
                    "block": {
                      "state": {
                        "note": "6"
                      }
                    }
                  }
                }
              ]
            },
            {
              "type": "loot_table",
              "value": "bs.block:get/114",
              "functions": [
                {
                  "function": "set_custom_data",
                  "tag": "{\"properties\":{\"note\":\"7\"},\"_\":{2:\"note=7,\"}}"
                }
              ],
              "conditions": [
                {
                  "condition": "location_check",
                  "predicate": {
                    "block": {
                      "state": {
                        "note": "7"
                      }
                    }
                  }
                }
              ]
            },
            {
              "type": "loot_table",
              "value": "bs.block:get/114",
              "functions": [
                {
                  "function": "set_custom_data",
                  "tag": "{\"properties\":{\"note\":\"8\"},\"_\":{2:\"note=8,\"}}"
                }
              ],
              "conditions": [
                {
                  "condition": "location_check",
                  "predicate": {
                    "block": {
                      "state": {
                        "note": "8"
                      }
                    }
                  }
                }
              ]
            },
            {
              "type": "loot_table",
              "value": "bs.block:get/114",
              "functions": [
                {
                  "function": "set_custom_data",
                  "tag": "{\"properties\":{\"note\":\"9\"},\"_\":{2:\"note=9,\"}}"
                }
              ],
              "conditions": [
                {
                  "condition": "location_check",
                  "predicate": {
                    "block": {
                      "state": {
                        "note": "9"
                      }
                    }
                  }
                }
              ]
            },
            {
              "type": "loot_table",
              "value": "bs.block:get/114",
              "functions": [
                {
                  "function": "set_custom_data",
                  "tag": "{\"properties\":{\"note\":\"10\"},\"_\":{2:\"note=10,\"}}"
                }
              ],
              "conditions": [
                {
                  "condition": "location_check",
                  "predicate": {
                    "block": {
                      "state": {
                        "note": "10"
                      }
                    }
                  }
                }
              ]
            },
            {
              "type": "loot_table",
              "value": "bs.block:get/114",
              "functions": [
                {
                  "function": "set_custom_data",
                  "tag": "{\"properties\":{\"note\":\"11\"},\"_\":{2:\"note=11,\"}}"
                }
              ],
              "conditions": [
                {
                  "condition": "location_check",
                  "predicate": {
                    "block": {
                      "state": {
                        "note": "11"
                      }
                    }
                  }
                }
              ]
            },
            {
              "type": "loot_table",
              "value": "bs.block:get/114",
              "functions": [
                {
                  "function": "set_custom_data",
                  "tag": "{\"properties\":{\"note\":\"12\"},\"_\":{2:\"note=12,\"}}"
                }
              ],
              "conditions": [
                {
                  "condition": "location_check",
                  "predicate": {
                    "block": {
                      "state": {
                        "note": "12"
                      }
                    }
                  }
                }
              ]
            },
            {
              "type": "loot_table",
              "value": "bs.block:get/114",
              "functions": [
                {
                  "function": "set_custom_data",
                  "tag": "{\"properties\":{\"note\":\"13\"},\"_\":{2:\"note=13,\"}}"
                }
              ],
              "conditions": [
                {
                  "condition": "location_check",
                  "predicate": {
                    "block": {
                      "state": {
                        "note": "13"
                      }
                    }
                  }
                }
              ]
            },
            {
              "type": "loot_table",
              "value": "bs.block:get/114",
              "functions": [
                {
                  "function": "set_custom_data",
                  "tag": "{\"properties\":{\"note\":\"14\"},\"_\":{2:\"note=14,\"}}"
                }
              ],
              "conditions": [
                {
                  "condition": "location_check",
                  "predicate": {
                    "block": {
                      "state": {
                        "note": "14"
                      }
                    }
                  }
                }
              ]
            },
            {
              "type": "loot_table",
              "value": "bs.block:get/114",
              "functions": [
                {
                  "function": "set_custom_data",
                  "tag": "{\"properties\":{\"note\":\"15\"},\"_\":{2:\"note=15,\"}}"
                }
              ],
              "conditions": [
                {
                  "condition": "location_check",
                  "predicate": {
                    "block": {
                      "state": {
                        "note": "15"
                      }
                    }
                  }
                }
              ]
            },
            {
              "type": "loot_table",
              "value": "bs.block:get/114",
              "functions": [
                {
                  "function": "set_custom_data",
                  "tag": "{\"properties\":{\"note\":\"16\"},\"_\":{2:\"note=16,\"}}"
                }
              ],
              "conditions": [
                {
                  "condition": "location_check",
                  "predicate": {
                    "block": {
                      "state": {
                        "note": "16"
                      }
                    }
                  }
                }
              ]
            },
            {
              "type": "loot_table",
              "value": "bs.block:get/114",
              "functions": [
                {
                  "function": "set_custom_data",
                  "tag": "{\"properties\":{\"note\":\"17\"},\"_\":{2:\"note=17,\"}}"
                }
              ],
              "conditions": [
                {
                  "condition": "location_check",
                  "predicate": {
                    "block": {
                      "state": {
                        "note": "17"
                      }
                    }
                  }
                }
              ]
            },
            {
              "type": "loot_table",
              "value": "bs.block:get/114",
              "functions": [
                {
                  "function": "set_custom_data",
                  "tag": "{\"properties\":{\"note\":\"18\"},\"_\":{2:\"note=18,\"}}"
                }
              ],
              "conditions": [
                {
                  "condition": "location_check",
                  "predicate": {
                    "block": {
                      "state": {
                        "note": "18"
                      }
                    }
                  }
                }
              ]
            },
            {
              "type": "loot_table",
              "value": "bs.block:get/114",
              "functions": [
                {
                  "function": "set_custom_data",
                  "tag": "{\"properties\":{\"note\":\"19\"},\"_\":{2:\"note=19,\"}}"
                }
              ],
              "conditions": [
                {
                  "condition": "location_check",
                  "predicate": {
                    "block": {
                      "state": {
                        "note": "19"
                      }
                    }
                  }
                }
              ]
            },
            {
              "type": "loot_table",
              "value": "bs.block:get/114",
              "functions": [
                {
                  "function": "set_custom_data",
                  "tag": "{\"properties\":{\"note\":\"20\"},\"_\":{2:\"note=20,\"}}"
                }
              ],
              "conditions": [
                {
                  "condition": "location_check",
                  "predicate": {
                    "block": {
                      "state": {
                        "note": "20"
                      }
                    }
                  }
                }
              ]
            },
            {
              "type": "loot_table",
              "value": "bs.block:get/114",
              "functions": [
                {
                  "function": "set_custom_data",
                  "tag": "{\"properties\":{\"note\":\"21\"},\"_\":{2:\"note=21,\"}}"
                }
              ],
              "conditions": [
                {
                  "condition": "location_check",
                  "predicate": {
                    "block": {
                      "state": {
                        "note": "21"
                      }
                    }
                  }
                }
              ]
            },
            {
              "type": "loot_table",
              "value": "bs.block:get/114",
              "functions": [
                {
                  "function": "set_custom_data",
                  "tag": "{\"properties\":{\"note\":\"22\"},\"_\":{2:\"note=22,\"}}"
                }
              ],
              "conditions": [
                {
                  "condition": "location_check",
                  "predicate": {
                    "block": {
                      "state": {
                        "note": "22"
                      }
                    }
                  }
                }
              ]
            },
            {
              "type": "loot_table",
              "value": "bs.block:get/114",
              "functions": [
                {
                  "function": "set_custom_data",
                  "tag": "{\"properties\":{\"note\":\"23\"},\"_\":{2:\"note=23,\"}}"
                }
              ],
              "conditions": [
                {
                  "condition": "location_check",
                  "predicate": {
                    "block": {
                      "state": {
                        "note": "23"
                      }
                    }
                  }
                }
              ]
            },
            {
              "type": "loot_table",
              "value": "bs.block:get/114",
              "functions": [
                {
                  "function": "set_custom_data",
                  "tag": "{\"properties\":{\"note\":\"24\"},\"_\":{2:\"note=24,\"}}"
                }
              ],
              "conditions": [
                {
                  "condition": "location_check",
                  "predicate": {
                    "block": {
                      "state": {
                        "note": "24"
                      }
                    }
                  }
                }
              ]
            }
          ]
        }
      ]
    }
  ]
}
