{
  "pools": [
    {
      "rolls": 1,
      "entries": [
        {
          "type": "alternatives",
          "children": [
            {
              "type": "loot_table",
              "value": "bs.block:get/118",
              "functions": [
                {
                  "function": "set_custom_data",
                  "tag": "{\"properties\":{\"east\":\"none\"},\"_\":{1:\"east=none,\"}}"
                }
              ],
              "conditions": [
                {
                  "condition": "location_check",
                  "predicate": {
                    "block": {
                      "state": {
                        "east": "none"
                      }
                    }
                  }
                }
              ]
            },
            {
              "type": "loot_table",
              "value": "bs.block:get/118",
              "functions": [
                {
                  "function": "set_custom_data",
                  "tag": "{\"properties\":{\"east\":\"low\"},\"_\":{1:\"east=low,\"}}"
                }
              ],
              "conditions": [
                {
                  "condition": "location_check",
                  "predicate": {
                    "block": {
                      "state": {
                        "east": "low"
                      }
                    }
                  }
                }
              ]
            },
            {
              "type": "loot_table",
              "value": "bs.block:get/118",
              "functions": [
                {
                  "function": "set_custom_data",
                  "tag": "{\"properties\":{\"east\":\"tall\"},\"_\":{1:\"east=tall,\"}}"
                }
              ],
              "conditions": [
                {
                  "condition": "location_check",
                  "predicate": {
                    "block": {
                      "state": {
                        "east": "tall"
                      }
                    }
                  }
                }
              ]
            }
          ]
        }
      ]
    }
  ]
}
