{
  "pools": [
    {
      "rolls": 1,
      "entries": [
        {
          "type": "alternatives",
          "children": [
            {
              "type": "loot_table",
              "value": "bs.block:get/1",
              "functions": [
                {
                  "function": "set_custom_data",
                  "tag": "{\"properties\":{\"flower_amount\":\"1\"},\"_\":{1:\"flower_amount=1,\"}}"
                }
              ],
              "conditions": [
                {
                  "condition": "location_check",
                  "predicate": {
                    "block": {
                      "state": {
                        "flower_amount": "1"
                      }
                    }
                  }
                }
              ]
            },
            {
              "type": "loot_table",
              "value": "bs.block:get/1",
              "functions": [
                {
                  "function": "set_custom_data",
                  "tag": "{\"properties\":{\"flower_amount\":\"2\"},\"_\":{1:\"flower_amount=2,\"}}"
                }
              ],
              "conditions": [
                {
                  "condition": "location_check",
                  "predicate": {
                    "block": {
                      "state": {
                        "flower_amount": "2"
                      }
                    }
                  }
                }
              ]
            },
            {
              "type": "loot_table",
              "value": "bs.block:get/1",
              "functions": [
                {
                  "function": "set_custom_data",
                  "tag": "{\"properties\":{\"flower_amount\":\"3\"},\"_\":{1:\"flower_amount=3,\"}}"
                }
              ],
              "conditions": [
                {
                  "condition": "location_check",
                  "predicate": {
                    "block": {
                      "state": {
                        "flower_amount": "3"
                      }
                    }
                  }
                }
              ]
            },
            {
              "type": "loot_table",
              "value": "bs.block:get/1",
              "functions": [
                {
                  "function": "set_custom_data",
                  "tag": "{\"properties\":{\"flower_amount\":\"4\"},\"_\":{1:\"flower_amount=4,\"}}"
                }
              ],
              "conditions": [
                {
                  "condition": "location_check",
                  "predicate": {
                    "block": {
                      "state": {
                        "flower_amount": "4"
                      }
                    }
                  }
                }
              ]
            }
          ]
        }
      ]
    }
  ]
}
