{
  "pools": [
    {
      "rolls": 1,
      "entries": [
        {
          "type": "alternatives",
          "children": [
            {
              "type": "loot_table",
              "value": "bs.block:get/127",
              "functions": [
                {
                  "function": "set_custom_data",
                  "tag": "{\"properties\":{\"vertical_direction\":\"up\"},\"_\":{2:\"vertical_direction=up,\"}}"
                }
              ],
              "conditions": [
                {
                  "condition": "location_check",
                  "predicate": {
                    "block": {
                      "state": {
                        "vertical_direction": "up"
                      }
                    }
                  }
                }
              ]
            },
            {
              "type": "loot_table",
              "value": "bs.block:get/127",
              "functions": [
                {
                  "function": "set_custom_data",
                  "tag": "{\"properties\":{\"vertical_direction\":\"down\"},\"_\":{2:\"vertical_direction=down,\"}}"
                }
              ],
              "conditions": [
                {
                  "condition": "location_check",
                  "predicate": {
                    "block": {
                      "state": {
                        "vertical_direction": "down"
                      }
                    }
                  }
                }
              ]
            }
          ]
        }
      ]
    }
  ]
}
