{
  "pools": [
    {
      "rolls": 1,
      "entries": [
        {
          "type": "alternatives",
          "children": [
            {
              "type": "loot_table",
              "value": "bs.block:get/133",
              "functions": [
                {
                  "function": "set_custom_data",
                  "tag": "{\"properties\":{\"west\":\"none\"},\"_\":{4:\"west=none,\"}}"
                }
              ],
              "conditions": [
                {
                  "condition": "location_check",
                  "predicate": {
                    "block": {
                      "state": {
                        "west": "none"
                      }
                    }
                  }
                }
              ]
            },
            {
              "type": "loot_table",
              "value": "bs.block:get/133",
              "functions": [
                {
                  "function": "set_custom_data",
                  "tag": "{\"properties\":{\"west\":\"up\"},\"_\":{4:\"west=up,\"}}"
                }
              ],
              "conditions": [
                {
                  "condition": "location_check",
                  "predicate": {
                    "block": {
                      "state": {
                        "west": "up"
                      }
                    }
                  }
                }
              ]
            },
            {
              "type": "loot_table",
              "value": "bs.block:get/133",
              "functions": [
                {
                  "function": "set_custom_data",
                  "tag": "{\"properties\":{\"west\":\"side\"},\"_\":{4:\"west=side,\"}}"
                }
              ],
              "conditions": [
                {
                  "condition": "location_check",
                  "predicate": {
                    "block": {
                      "state": {
                        "west": "side"
                      }
                    }
                  }
                }
              ]
            }
          ]
        }
      ]
    }
  ]
}
