{
  "pools": [
    {
      "rolls": 1,
      "entries": [
        {
          "type": "alternatives",
          "children": [
            {
              "type": "loot_table",
              "value": "bs.block:get/138",
              "functions": [
                {
                  "function": "set_custom_data",
                  "tag": "{\"properties\":{\"distance\":\"7\"},\"_\":{2:\"distance=7,\"}}"
                }
              ],
              "conditions": [
                {
                  "condition": "location_check",
                  "predicate": {
                    "block": {
                      "state": {
                        "distance": "7"
                      }
                    }
                  }
                }
              ]
            },
            {
              "type": "loot_table",
              "value": "bs.block:get/138",
              "functions": [
                {
                  "function": "set_custom_data",
                  "tag": "{\"properties\":{\"distance\":\"0\"},\"_\":{2:\"distance=0,\"}}"
                }
              ],
              "conditions": [
                {
                  "condition": "location_check",
                  "predicate": {
                    "block": {
                      "state": {
                        "distance": "0"
                      }
                    }
                  }
                }
              ]
            },
            {
              "type": "loot_table",
              "value": "bs.block:get/138",
              "functions": [
                {
                  "function": "set_custom_data",
                  "tag": "{\"properties\":{\"distance\":\"1\"},\"_\":{2:\"distance=1,\"}}"
                }
              ],
              "conditions": [
                {
                  "condition": "location_check",
                  "predicate": {
                    "block": {
                      "state": {
                        "distance": "1"
                      }
                    }
                  }
                }
              ]
            },
            {
              "type": "loot_table",
              "value": "bs.block:get/138",
              "functions": [
                {
                  "function": "set_custom_data",
                  "tag": "{\"properties\":{\"distance\":\"2\"},\"_\":{2:\"distance=2,\"}}"
                }
              ],
              "conditions": [
                {
                  "condition": "location_check",
                  "predicate": {
                    "block": {
                      "state": {
                        "distance": "2"
                      }
                    }
                  }
                }
              ]
            },
            {
              "type": "loot_table",
              "value": "bs.block:get/138",
              "functions": [
                {
                  "function": "set_custom_data",
                  "tag": "{\"properties\":{\"distance\":\"3\"},\"_\":{2:\"distance=3,\"}}"
                }
              ],
              "conditions": [
                {
                  "condition": "location_check",
                  "predicate": {
                    "block": {
                      "state": {
                        "distance": "3"
                      }
                    }
                  }
                }
              ]
            },
            {
              "type": "loot_table",
              "value": "bs.block:get/138",
              "functions": [
                {
                  "function": "set_custom_data",
                  "tag": "{\"properties\":{\"distance\":\"4\"},\"_\":{2:\"distance=4,\"}}"
                }
              ],
              "conditions": [
                {
                  "condition": "location_check",
                  "predicate": {
                    "block": {
                      "state": {
                        "distance": "4"
                      }
                    }
                  }
                }
              ]
            },
            {
              "type": "loot_table",
              "value": "bs.block:get/138",
              "functions": [
                {
                  "function": "set_custom_data",
                  "tag": "{\"properties\":{\"distance\":\"5\"},\"_\":{2:\"distance=5,\"}}"
                }
              ],
              "conditions": [
                {
                  "condition": "location_check",
                  "predicate": {
                    "block": {
                      "state": {
                        "distance": "5"
                      }
                    }
                  }
                }
              ]
            },
            {
              "type": "loot_table",
              "value": "bs.block:get/138",
              "functions": [
                {
                  "function": "set_custom_data",
                  "tag": "{\"properties\":{\"distance\":\"6\"},\"_\":{2:\"distance=6,\"}}"
                }
              ],
              "conditions": [
                {
                  "condition": "location_check",
                  "predicate": {
                    "block": {
                      "state": {
                        "distance": "6"
                      }
                    }
                  }
                }
              ]
            }
          ]
        }
      ]
    }
  ]
}
