{
  "pools": [
    {
      "rolls": 1,
      "entries": [
        {
          "type": "alternatives",
          "children": [
            {
              "type": "loot_table",
              "value": "bs.block:get/147",
              "functions": [
                {
                  "function": "set_custom_data",
                  "tag": "{\"properties\":{\"eggs\":\"1\"},\"_\":{1:\"eggs=1,\"}}"
                }
              ],
              "conditions": [
                {
                  "condition": "location_check",
                  "predicate": {
                    "block": {
                      "state": {
                        "eggs": "1"
                      }
                    }
                  }
                }
              ]
            },
            {
              "type": "loot_table",
              "value": "bs.block:get/147",
              "functions": [
                {
                  "function": "set_custom_data",
                  "tag": "{\"properties\":{\"eggs\":\"2\"},\"_\":{1:\"eggs=2,\"}}"
                }
              ],
              "conditions": [
                {
                  "condition": "location_check",
                  "predicate": {
                    "block": {
                      "state": {
                        "eggs": "2"
                      }
                    }
                  }
                }
              ]
            },
            {
              "type": "loot_table",
              "value": "bs.block:get/147",
              "functions": [
                {
                  "function": "set_custom_data",
                  "tag": "{\"properties\":{\"eggs\":\"3\"},\"_\":{1:\"eggs=3,\"}}"
                }
              ],
              "conditions": [
                {
                  "condition": "location_check",
                  "predicate": {
                    "block": {
                      "state": {
                        "eggs": "3"
                      }
                    }
                  }
                }
              ]
            },
            {
              "type": "loot_table",
              "value": "bs.block:get/147",
              "functions": [
                {
                  "function": "set_custom_data",
                  "tag": "{\"properties\":{\"eggs\":\"4\"},\"_\":{1:\"eggs=4,\"}}"
                }
              ],
              "conditions": [
                {
                  "condition": "location_check",
                  "predicate": {
                    "block": {
                      "state": {
                        "eggs": "4"
                      }
                    }
                  }
                }
              ]
            }
          ]
        }
      ]
    }
  ]
}
