{
  "pools": [
    {
      "rolls": 1,
      "entries": [
        {
          "type": "alternatives",
          "children": [
            {
              "type": "loot_table",
              "value": "bs.block:get/22",
              "functions": [
                {
                  "function": "set_custom_data",
                  "tag": "{\"properties\":{\"shape\":\"straight\"},\"_\":{3:\"shape=straight,\"}}"
                }
              ],
              "conditions": [
                {
                  "condition": "location_check",
                  "predicate": {
                    "block": {
                      "state": {
                        "shape": "straight"
                      }
                    }
                  }
                }
              ]
            },
            {
              "type": "loot_table",
              "value": "bs.block:get/22",
              "functions": [
                {
                  "function": "set_custom_data",
                  "tag": "{\"properties\":{\"shape\":\"inner_left\"},\"_\":{3:\"shape=inner_left,\"}}"
                }
              ],
              "conditions": [
                {
                  "condition": "location_check",
                  "predicate": {
                    "block": {
                      "state": {
                        "shape": "inner_left"
                      }
                    }
                  }
                }
              ]
            },
            {
              "type": "loot_table",
              "value": "bs.block:get/22",
              "functions": [
                {
                  "function": "set_custom_data",
                  "tag": "{\"properties\":{\"shape\":\"inner_right\"},\"_\":{3:\"shape=inner_right,\"}}"
                }
              ],
              "conditions": [
                {
                  "condition": "location_check",
                  "predicate": {
                    "block": {
                      "state": {
                        "shape": "inner_right"
                      }
                    }
                  }
                }
              ]
            },
            {
              "type": "loot_table",
              "value": "bs.block:get/22",
              "functions": [
                {
                  "function": "set_custom_data",
                  "tag": "{\"properties\":{\"shape\":\"outer_left\"},\"_\":{3:\"shape=outer_left,\"}}"
                }
              ],
              "conditions": [
                {
                  "condition": "location_check",
                  "predicate": {
                    "block": {
                      "state": {
                        "shape": "outer_left"
                      }
                    }
                  }
                }
              ]
            },
            {
              "type": "loot_table",
              "value": "bs.block:get/22",
              "functions": [
                {
                  "function": "set_custom_data",
                  "tag": "{\"properties\":{\"shape\":\"outer_right\"},\"_\":{3:\"shape=outer_right,\"}}"
                }
              ],
              "conditions": [
                {
                  "condition": "location_check",
                  "predicate": {
                    "block": {
                      "state": {
                        "shape": "outer_right"
                      }
                    }
                  }
                }
              ]
            }
          ]
        }
      ]
    }
  ]
}
