{
  "pools": [
    {
      "rolls": 1,
      "entries": [
        {
          "type": "alternatives",
          "children": [
            {
              "type": "loot_table",
              "value": "bs.block:get/30",
              "functions": [
                {
                  "function": "set_custom_data",
                  "tag": "{\"properties\":{\"north\":\"none\"},\"_\":{3:\"north=none,\"}}"
                }
              ],
              "conditions": [
                {
                  "condition": "location_check",
                  "predicate": {
                    "block": {
                      "state": {
                        "north": "none"
                      }
                    }
                  }
                }
              ]
            },
            {
              "type": "loot_table",
              "value": "bs.block:get/30",
              "functions": [
                {
                  "function": "set_custom_data",
                  "tag": "{\"properties\":{\"north\":\"low\"},\"_\":{3:\"north=low,\"}}"
                }
              ],
              "conditions": [
                {
                  "condition": "location_check",
                  "predicate": {
                    "block": {
                      "state": {
                        "north": "low"
                      }
                    }
                  }
                }
              ]
            },
            {
              "type": "loot_table",
              "value": "bs.block:get/30",
              "functions": [
                {
                  "function": "set_custom_data",
                  "tag": "{\"properties\":{\"north\":\"tall\"},\"_\":{3:\"north=tall,\"}}"
                }
              ],
              "conditions": [
                {
                  "condition": "location_check",
                  "predicate": {
                    "block": {
                      "state": {
                        "north": "tall"
                      }
                    }
                  }
                }
              ]
            }
          ]
        }
      ]
    }
  ]
}
