{
  "pools": [
    {
      "rolls": 1,
      "entries": [
        {
          "type": "alternatives",
          "children": [
            {
              "type": "loot_table",
              "value": "bs.block:get/43",
              "functions": [
                {
                  "function": "set_custom_data",
                  "tag": "{\"properties\":{\"part\":\"foot\"},\"_\":{2:\"part=foot,\"}}"
                }
              ],
              "conditions": [
                {
                  "condition": "location_check",
                  "predicate": {
                    "block": {
                      "state": {
                        "part": "foot"
                      }
                    }
                  }
                }
              ]
            },
            {
              "type": "loot_table",
              "value": "bs.block:get/43",
              "functions": [
                {
                  "function": "set_custom_data",
                  "tag": "{\"properties\":{\"part\":\"head\"},\"_\":{2:\"part=head,\"}}"
                }
              ],
              "conditions": [
                {
                  "condition": "location_check",
                  "predicate": {
                    "block": {
                      "state": {
                        "part": "head"
                      }
                    }
                  }
                }
              ]
            }
          ]
        }
      ]
    }
  ]
}
