{
  "__bookshelf__": {
    "feature": true,
    "documentation": "https://docs.mcbookshelf.dev/en/latest/modules/environment.html#can-it-snow",
    "authors": [
      "Aksiome"
    ],
    "created": {
      "date": "2024/04/22",
      "minecraft_version": "1.20.5"
    },
    "updated": {
      "date": "2025/03/10",
      "minecraft_version": "1.21.4"
    }
  },
  "condition": "minecraft:any_of",
  "terms": [
    {
      "condition": "minecraft:location_check",
      "predicate": {
        "position": {
          "y": {
            "min": -2147483648
          }
        },
        "biomes": [
          "minecraft:frozen_ocean",
          "minecraft:frozen_peaks",
          "minecraft:frozen_river",
          "minecraft:grove",
          "minecraft:ice_spikes",
          "minecraft:jagged_peaks",
          "minecraft:snowy_beach",
          "minecraft:snowy_plains",
          "minecraft:snowy_slopes",
          "minecraft:snowy_taiga"
        ]
      }
    },
    {
      "condition": "minecraft:location_check",
      "predicate": {
        "position": {
          "y": {
            "min": 120
          }
        },
        "biomes": [
          "minecraft:stony_shore",
          "minecraft:windswept_forest",
          "minecraft:windswept_gravelly_hills",
          "minecraft:windswept_hills"
        ]
      }
    },
    {
      "condition": "minecraft:location_check",
      "predicate": {
        "position": {
          "y": {
            "min": 160
          }
        },
        "biomes": [
          "minecraft:old_growth_spruce_taiga",
          "minecraft:taiga"
        ]
      }
    },
    {
      "condition": "minecraft:location_check",
      "predicate": {
        "position": {
          "y": {
            "min": 200
          }
        },
        "biomes": [
          "minecraft:old_growth_pine_taiga"
        ]
      }
    }
  ]
}
