{
  "__bookshelf__": {
    "feature": true,
    "documentation": "https://docs.mcbookshelf.dev/en/latest/modules/environment.html#can-it-rain",
    "authors": [
      "Aksiome"
    ],
    "created": {
      "date": "2024/04/22",
      "minecraft_version": "1.20.5"
    },
    "updated": {
      "date": "2024/11/24",
      "minecraft_version": "1.21.3"
    }
  },
  "condition": "minecraft:all_of",
  "terms": [
    {
      "condition": "minecraft:reference",
      "name": "bs.environment:has_precipitation"
    },
    {
      "condition": "minecraft:inverted",
      "term": {
        "condition": "minecraft:reference",
        "name": "bs.environment:can_snow"
      }
    }
  ]
}
