{
  "__bookshelf__": {
    "feature": true,
    "documentation": "https://docs.mcbookshelf.dev/en/latest/modules/environment.html#can-it-rain-or-snow",
    "authors": [
      "Aksiome"
    ],
    "created": {
      "date": "2024/04/22",
      "minecraft_version": "1.20.5"
    },
    "updated": {
      "date": "2025/03/10",
      "minecraft_version": "1.21.4"
    }
  },
  "condition": "minecraft:location_check",
  "predicate": {
    "biomes": [
      "minecraft:bamboo_jungle",
      "minecraft:beach",
      "minecraft:birch_forest",
      "minecraft:cherry_grove",
      "minecraft:cold_ocean",
      "minecraft:dark_forest",
      "minecraft:deep_cold_ocean",
      "minecraft:deep_dark",
      "minecraft:deep_frozen_ocean",
      "minecraft:deep_lukewarm_ocean",
      "minecraft:deep_ocean",
      "minecraft:dripstone_caves",
      "minecraft:flower_forest",
      "minecraft:forest",
      "minecraft:frozen_ocean",
      "minecraft:frozen_peaks",
      "minecraft:frozen_river",
      "minecraft:grove",
      "minecraft:ice_spikes",
      "minecraft:jagged_peaks",
      "minecraft:jungle",
      "minecraft:lukewarm_ocean",
      "minecraft:lush_caves",
      "minecraft:mangrove_swamp",
      "minecraft:meadow",
      "minecraft:mushroom_fields",
      "minecraft:ocean",
      "minecraft:old_growth_birch_forest",
      "minecraft:old_growth_pine_taiga",
      "minecraft:old_growth_spruce_taiga",
      "minecraft:pale_garden",
      "minecraft:plains",
      "minecraft:river",
      "minecraft:snowy_beach",
      "minecraft:snowy_plains",
      "minecraft:snowy_slopes",
      "minecraft:snowy_taiga",
      "minecraft:sparse_jungle",
      "minecraft:stony_peaks",
      "minecraft:stony_shore",
      "minecraft:sunflower_plains",
      "minecraft:swamp",
      "minecraft:taiga",
      "minecraft:warm_ocean",
      "minecraft:windswept_forest",
      "minecraft:windswept_gravelly_hills",
      "minecraft:windswept_hills"
    ]
  }
}
